quote_id,snapshot_id,observed_at,root,expiry,settlement_at,exercise,settlement_style,option_type,strike,bid,ask,bid_size,ask_size
FIXTURE-60-000-C,SYNTHETIC-ONLY-01,2026-01-15T15:45:00-05:00,SPXW,2026-03-16,2026-03-16T16:00:00-04:00,European,PM,C,3916.051993458868,2094.2007970362965,2095.7007970362965,5,7
FIXTURE-60-000-P,SYNTHETIC-ONLY-01,2026-01-15T15:45:00-05:00,SPXW,2026-03-16,2026-03-16T16:00:00-04:00,European,PM,P,3916.051993458868,0.21683273830810235,0.25488880101928685,5,7
FIXTURE-60-001-C,SYNTHETIC-ONLY-01,2026-01-15T15:45:00-05:00,SPXW,2026-03-16,2026-03-16T16:00:00-04:00,European,PM,C,4051.60763938629,1960.028896555699,1961.528896555699,5,7
FIXTURE-60-001-P,SYNTHETIC-ONLY-01,2026-01-15T15:45:00-05:00,SPXW,2026-03-16,2026-03-16T16:00:00-04:00,European,PM,P,4051.60763938629,0.4248447698450598,0.49971853172223,5,7
FIXTURE-60-002-C,SYNTHETIC-ONLY-01,2026-01-15T15:45:00-05:00,SPXW,2026-03-16,2026-03-16T16:00:00-04:00,European,PM,C,4187.163285313713,1825.481428853449,1826.981428853449,5,7
FIXTURE-60-002-P,SYNTHETIC-ONLY-01,2026-01-15T15:45:00-05:00,SPXW,2026-03-16,2026-03-16T16:00:00-04:00,European,PM,P,4187.163285313713,0.7951796895847503,0.9342001954882135,5,7
FIXTURE-60-003-C,SYNTHETIC-ONLY-01,2026-01-15T15:45:00-05:00,SPXW,2026-03-16,2026-03-16T16:00:00-04:00,European,PM,C,4322.718931241135,1691.571386128964,1693.071386128964,5,7
FIXTURE-60-003-P,SYNTHETIC-ONLY-01,2026-01-15T15:45:00-05:00,SPXW,2026-03-16,2026-03-16T16:00:00-04:00,European,PM,P,4322.718931241135,1.4320754124086659,1.676971992583675,5,7
FIXTURE-60-004-C,SYNTHETIC-ONLY-01,2026-01-15T15:45:00-05:00,SPXW,2026-03-16,2026-03-16T16:00:00-04:00,European,PM,C,4458.274577168557,1558.0384405019129,1559.5384405019129,5,7
FIXTURE-60-004-P,SYNTHETIC-ONLY-01,2026-01-15T15:45:00-05:00,SPXW,2026-03-16,2026-03-16T16:00:00-04:00,European,PM,P,4458.274577168557,2.338774190111513,2.750028363334282,5,7
FIXTURE-60-005-C,SYNTHETIC-ONLY-01,2026-01-15T15:45:00-05:00,SPXW,2026-03-16,2026-03-16T16:00:00-04:00,European,PM,C,4593.830223095979,1424.8688497607877,1426.3688497607877,5,7
FIXTURE-60-005-P,SYNTHETIC-ONLY-01,2026-01-15T15:45:00-05:00,SPXW,2026-03-16,2026-03-16T16:00:00-04:00,European,PM,P,4593.830223095979,3.8010394579550484,4.462224486409286,5,7
FIXTURE-60-006-C,SYNTHETIC-ONLY-01,2026-01-15T15:45:00-05:00,SPXW,2026-03-16,2026-03-16T16:00:00-04:00,European,PM,C,4729.385869023402,1292.4744523269487,1293.9744523269487,5,7
FIXTURE-60-006-P,SYNTHETIC-ONLY-01,2026-01-15T15:45:00-05:00,SPXW,2026-03-16,2026-03-16T16:00:00-04:00,European,PM,P,4729.385869023402,5.791652574352,6.813338414527378,5,7
FIXTURE-60-007-C,SYNTHETIC-ONLY-01,2026-01-15T15:45:00-05:00,SPXW,2026-03-16,2026-03-16T16:00:00-04:00,European,PM,C,4864.941514950824,1161.0456610380659,1162.5456610380659,5,7
FIXTURE-60-007-P,SYNTHETIC-ONLY-01,2026-01-15T15:45:00-05:00,SPXW,2026-03-16,2026-03-16T16:00:00-04:00,European,PM,P,4864.941514950824,8.716802446542342,10.216802446542342,5,7
FIXTURE-60-008-C,SYNTHETIC-ONLY-01,2026-01-15T15:45:00-05:00,SPXW,2026-03-16,2026-03-16T16:00:00-04:00,European,PM,C,5000.497160878247,1030.4241873683045,1031.9241873683045,5,7
FIXTURE-60-008-P,SYNTHETIC-ONLY-01,2026-01-15T15:45:00-05:00,SPXW,2026-03-16,2026-03-16T16:00:00-04:00,European,PM,P,5000.497160878247,12.970244341878889,14.470244341878889,5,7
FIXTURE-60-009-C,SYNTHETIC-ONLY-01,2026-01-15T15:45:00-05:00,SPXW,2026-03-16,2026-03-16T16:00:00-04:00,European,PM,C,5136.052806805669,901.4339454387818,902.9339454387818,5,7
FIXTURE-60-009-P,SYNTHETIC-ONLY-01,2026-01-15T15:45:00-05:00,SPXW,2026-03-16,2026-03-16T16:00:00-04:00,European,PM,P,5136.052806805669,18.575218578350313,20.075218578350313,5,7
FIXTURE-60-010-C,SYNTHETIC-ONLY-01,2026-01-15T15:45:00-05:00,SPXW,2026-03-16,2026-03-16T16:00:00-04:00,European,PM,C,5271.608452733091,774.3546761638848,775.8546761638848,5,7
FIXTURE-60-010-P,SYNTHETIC-ONLY-01,2026-01-15T15:45:00-05:00,SPXW,2026-03-16,2026-03-16T16:00:00-04:00,European,PM,P,5271.608452733091,26.11915842148911,27.61915842148911,5,7
FIXTURE-60-011-C,SYNTHETIC-ONLY-01,2026-01-15T15:45:00-05:00,SPXW,2026-03-16,2026-03-16T16:00:00-04:00,European,PM,C,5407.164098660513,649.9804281921694,651.4804281921694,5,7
FIXTURE-60-011-P,SYNTHETIC-ONLY-01,2026-01-15T15:45:00-05:00,SPXW,2026-03-16,2026-03-16T16:00:00-04:00,European,PM,P,5407.164098660513,36.50593657442077,38.00593657442077,5,7
FIXTURE-60-012-C,SYNTHETIC-ONLY-01,2026-01-15T15:45:00-05:00,SPXW,2026-03-16,2026-03-16T16:00:00-04:00,European,PM,C,5542.7197445879365,530.5436679927335,532.0436679927335,5,7
FIXTURE-60-012-P,SYNTHETIC-ONLY-01,2026-01-15T15:45:00-05:00,SPXW,2026-03-16,2026-03-16T16:00:00-04:00,European,PM,P,5542.7197445879365,51.95899740919155,53.45899740919155,5,7
FIXTURE-60-013-C,SYNTHETIC-ONLY-01,2026-01-15T15:45:00-05:00,SPXW,2026-03-16,2026-03-16T16:00:00-04:00,European,PM,C,5678.275390515359,419.2988466419359,420.7988466419359,5,7
FIXTURE-60-013-P,SYNTHETIC-ONLY-01,2026-01-15T15:45:00-05:00,SPXW,2026-03-16,2026-03-16T16:00:00-04:00,European,PM,P,5678.275390515359,75.39297776083355,76.89297776083355,5,7
FIXTURE-60-014-C,SYNTHETIC-ONLY-01,2026-01-15T15:45:00-05:00,SPXW,2026-03-16,2026-03-16T16:00:00-04:00,European,PM,C,5813.831036442781,320.0045328954502,321.5045328954502,5,7
FIXTURE-60-014-P,SYNTHETIC-ONLY-01,2026-01-15T15:45:00-05:00,SPXW,2026-03-16,2026-03-16T16:00:00-04:00,European,PM,P,5813.831036442781,110.77988314896223,112.27988314896223,5,7
FIXTURE-60-015-C,SYNTHETIC-ONLY-01,2026-01-15T15:45:00-05:00,SPXW,2026-03-16,2026-03-16T16:00:00-04:00,European,PM,C,5949.386682370203,236.38609860168398,237.88609860168398,5,7
FIXTURE-60-015-P,SYNTHETIC-ONLY-01,2026-01-15T15:45:00-05:00,SPXW,2026-03-16,2026-03-16T16:00:00-04:00,European,PM,P,5949.386682370203,161.78564974363366,163.28564974363366,5,7
FIXTURE-60-016-C,SYNTHETIC-ONLY-01,2026-01-15T15:45:00-05:00,SPXW,2026-03-16,2026-03-16T16:00:00-04:00,European,PM,C,6084.942328297625,170.35321162037957,171.85321162037957,5,7
FIXTURE-60-016-P,SYNTHETIC-ONLY-01,2026-01-15T15:45:00-05:00,SPXW,2026-03-16,2026-03-16T16:00:00-04:00,European,PM,P,6084.942328297625,230.1268342017339,231.6268342017339,5,7
FIXTURE-60-017-C,SYNTHETIC-ONLY-01,2026-01-15T15:45:00-05:00,SPXW,2026-03-16,2026-03-16T16:00:00-04:00,European,PM,C,6220.497974225047,121.38947531586409,122.88947531586409,5,7
FIXTURE-60-017-P,SYNTHETIC-ONLY-01,2026-01-15T15:45:00-05:00,SPXW,2026-03-16,2026-03-16T16:00:00-04:00,European,PM,P,6220.497974225047,315.76297740514786,317.26297740514786,5,7
FIXTURE-60-018-C,SYNTHETIC-ONLY-01,2026-01-15T15:45:00-05:00,SPXW,2026-03-16,2026-03-16T16:00:00-04:00,European,PM,C,6356.053620152469,86.95300711970972,88.45300711970972,5,7
FIXTURE-60-018-P,SYNTHETIC-ONLY-01,2026-01-15T15:45:00-05:00,SPXW,2026-03-16,2026-03-16T16:00:00-04:00,European,PM,P,6356.053620152469,416.13259696329175,417.63259696329175,5,7
FIXTURE-60-019-C,SYNTHETIC-ONLY-01,2026-01-15T15:45:00-05:00,SPXW,2026-03-16,2026-03-16T16:00:00-04:00,European,PM,C,6491.609266079893,63.742139684644,65.242139684644,5,7
FIXTURE-60-019-P,SYNTHETIC-ONLY-01,2026-01-15T15:45:00-05:00,SPXW,2026-03-16,2026-03-16T16:00:00-04:00,European,PM,P,6491.609266079893,527.6724018151648,529.1724018151648,5,7
FIXTURE-60-020-C,SYNTHETIC-ONLY-01,2026-01-15T15:45:00-05:00,SPXW,2026-03-16,2026-03-16T16:00:00-04:00,European,PM,C,6627.164912007315,48.10108259883093,49.60108259883093,5,7
FIXTURE-60-020-P,SYNTHETIC-ONLY-01,2026-01-15T15:45:00-05:00,SPXW,2026-03-16,2026-03-16T16:00:00-04:00,European,PM,P,6627.164912007315,646.7198784482038,648.2198784482038,5,7
FIXTURE-60-021-C,SYNTHETIC-ONLY-01,2026-01-15T15:45:00-05:00,SPXW,2026-03-16,2026-03-16T16:00:00-04:00,European,PM,C,6762.720557934737,37.075862631991306,38.575862631991306,5,7
FIXTURE-60-021-P,SYNTHETIC-ONLY-01,2026-01-15T15:45:00-05:00,SPXW,2026-03-16,2026-03-16T16:00:00-04:00,European,PM,P,6762.720557934737,770.267163564829,771.767163564829,5,7
FIXTURE-60-022-C,SYNTHETIC-ONLY-01,2026-01-15T15:45:00-05:00,SPXW,2026-03-16,2026-03-16T16:00:00-04:00,European,PM,C,6898.2762038621595,29.169495848739178,30.669495848739178,5,7
FIXTURE-60-022-P,SYNTHETIC-ONLY-01,2026-01-15T15:45:00-05:00,SPXW,2026-03-16,2026-03-16T16:00:00-04:00,European,PM,P,6898.2762038621595,897.1053206339933,898.6053206339933,5,7
FIXTURE-60-023-C,SYNTHETIC-ONLY-01,2026-01-15T15:45:00-05:00,SPXW,2026-03-16,2026-03-16T16:00:00-04:00,European,PM,C,7033.831849789582,23.165334546279997,24.665334546279997,5,7
FIXTURE-60-023-P,SYNTHETIC-ONLY-01,2026-01-15T15:45:00-05:00,SPXW,2026-03-16,2026-03-16T16:00:00-04:00,European,PM,P,7033.831849789582,1025.861153156763,1027.361153156763,5,7
FIXTURE-60-024-C,SYNTHETIC-ONLY-01,2026-01-15T15:45:00-05:00,SPXW,2026-03-16,2026-03-16T16:00:00-04:00,European,PM,C,7169.387495717004,18.437344983081843,19.937344983081843,5,7
FIXTURE-60-024-P,SYNTHETIC-ONLY-01,2026-01-15T15:45:00-05:00,SPXW,2026-03-16,2026-03-16T16:00:00-04:00,European,PM,P,7169.387495717004,1155.684305162354,1157.184305162354,5,7
FIXTURE-60-025-C,SYNTHETIC-ONLY-01,2026-01-15T15:45:00-05:00,SPXW,2026-03-16,2026-03-16T16:00:00-04:00,European,PM,C,7304.943141644426,14.584440439330425,16.084440439330425,5,7
FIXTURE-60-025-P,SYNTHETIC-ONLY-01,2026-01-15T15:45:00-05:00,SPXW,2026-03-16,2026-03-16T16:00:00-04:00,European,PM,P,7304.943141644426,1286.3035169455402,1287.8035169455402,5,7
FIXTURE-60-026-C,SYNTHETIC-ONLY-01,2026-01-15T15:45:00-05:00,SPXW,2026-03-16,2026-03-16T16:00:00-04:00,European,PM,C,7440.498787571848,11.349626283424929,12.849626283424929,5,7
FIXTURE-60-026-P,SYNTHETIC-ONLY-01,2026-01-15T15:45:00-05:00,SPXW,2026-03-16,2026-03-16T16:00:00-04:00,European,PM,P,7440.498787571848,1417.880580321749,1419.380580321749,5,7
FIXTURE-60-027-C,SYNTHETIC-ONLY-01,2026-01-15T15:45:00-05:00,SPXW,2026-03-16,2026-03-16T16:00:00-04:00,European,PM,C,7576.05443349927,8.783924775704392,10.283924775704392,5,7
FIXTURE-60-027-P,SYNTHETIC-ONLY-01,2026-01-15T15:45:00-05:00,SPXW,2026-03-16,2026-03-16T16:00:00-04:00,European,PM,P,7576.05443349927,1550.0676859796592,1551.5676859796592,5,7
FIXTURE-60-028-C,SYNTHETIC-ONLY-01,2026-01-15T15:45:00-05:00,SPXW,2026-03-16,2026-03-16T16:00:00-04:00,European,PM,C,7711.610079426693,7.047258006298263,8.266683362160533,5,7
FIXTURE-60-028-P,SYNTHETIC-ONLY-01,2026-01-15T15:45:00-05:00,SPXW,2026-03-16,2026-03-16T16:00:00-04:00,European,PM,P,7711.610079426693,1682.844446358342,1684.344446358342,5,7
FIXTURE-60-029-C,SYNTHETIC-ONLY-01,2026-01-15T15:45:00-05:00,SPXW,2026-03-16,2026-03-16T16:00:00-04:00,European,PM,C,7847.165725354115,5.407057840261778,6.363627800090187,5,7
FIXTURE-60-029-P,SYNTHETIC-ONLY-01,2026-01-15T15:45:00-05:00,SPXW,2026-03-16,2026-03-16T16:00:00-04:00,European,PM,P,7847.165725354115,1815.8617935440054,1817.3617935440054,5,7
FIXTURE-60-030-C,SYNTHETIC-ONLY-01,2026-01-15T15:45:00-05:00,SPXW,2026-03-16,2026-03-16T16:00:00-04:00,European,PM,C,7982.721371281537,4.322945108331645,5.069804172895813,5,7
FIXTURE-60-030-P,SYNTHETIC-ONLY-01,2026-01-15T15:45:00-05:00,SPXW,2026-03-16,2026-03-16T16:00:00-04:00,European,PM,P,7982.721371281537,1949.036757657647,1950.536757657647,5,7
FIXTURE-60-031-C,SYNTHETIC-ONLY-01,2026-01-15T15:45:00-05:00,SPXW,2026-03-16,2026-03-16T16:00:00-04:00,European,PM,C,8118.277017208961,3.311412190819798,3.891911077499346,5,7
FIXTURE-60-031-P,SYNTHETIC-ONLY-01,2026-01-15T15:45:00-05:00,SPXW,2026-03-16,2026-03-16T16:00:00-04:00,European,PM,P,8118.277017208961,2082.725508914721,2084.225508914721,5,7
FIXTURE-60-032-C,SYNTHETIC-ONLY-01,2026-01-15T15:45:00-05:00,SPXW,2026-03-16,2026-03-16T16:00:00-04:00,European,PM,C,8253.832663136383,2.593120812678934,3.0423717210192853,5,7
FIXTURE-60-032-P,SYNTHETIC-ONLY-01,2026-01-15T15:45:00-05:00,SPXW,2026-03-16,2026-03-16T16:00:00-04:00,European,PM,P,8253.832663136383,2216.546241106952,2218.046241106952,5,7
FIXTURE-60-033-C,SYNTHETIC-ONLY-01,2026-01-15T15:45:00-05:00,SPXW,2026-03-16,2026-03-16T16:00:00-04:00,European,PM,C,8389.388309063805,2.0049614643548272,2.3512075399876684,5,7
FIXTURE-60-033-P,SYNTHETIC-ONLY-01,2026-01-15T15:45:00-05:00,SPXW,2026-03-16,2026-03-16T16:00:00-04:00,European,PM,P,8389.388309063805,2350.519366275889,2352.019366275889,5,7
FIXTURE-60-034-C,SYNTHETIC-ONLY-01,2026-01-15T15:45:00-05:00,SPXW,2026-03-16,2026-03-16T16:00:00-04:00,European,PM,C,8524.943954991228,1.531564899160106,1.797374469390035,5,7
FIXTURE-60-034-P,SYNTHETIC-ONLY-01,2026-01-15T15:45:00-05:00,SPXW,2026-03-16,2026-03-16T16:00:00-04:00,European,PM,P,8524.943954991228,2484.8040299376103,2486.3040299376103,5,7
FIXTURE-60-035-C,SYNTHETIC-ONLY-01,2026-01-15T15:45:00-05:00,SPXW,2026-03-16,2026-03-16T16:00:00-04:00,European,PM,C,8660.499600918649,1.168784106632168,1.37207846756163,5,7
FIXTURE-60-035-P,SYNTHETIC-ONLY-01,2026-01-15T15:45:00-05:00,SPXW,2026-03-16,2026-03-16T16:00:00-04:00,European,PM,P,8660.499600918649,2619.1346112624788,2620.6346112624788,5,7
FIXTURE-60-036-C,SYNTHETIC-ONLY-01,2026-01-15T15:45:00-05:00,SPXW,2026-03-16,2026-03-16T16:00:00-04:00,European,PM,C,8796.055246846072,0.9013465237351784,1.0562729614926913,5,7
FIXTURE-60-036-P,SYNTHETIC-ONLY-01,2026-01-15T15:45:00-05:00,SPXW,2026-03-16,2026-03-16T16:00:00-04:00,European,PM,P,8796.055246846072,2753.4412598360263,2754.9412598360263,5,7
FIXTURE-60-037-C,SYNTHETIC-ONLY-01,2026-01-15T15:45:00-05:00,SPXW,2026-03-16,2026-03-16T16:00:00-04:00,European,PM,C,8931.610892773493,0.6778230310772525,0.7954874349480706,5,7
FIXTURE-60-037-P,SYNTHETIC-ONLY-01,2026-01-15T15:45:00-05:00,SPXW,2026-03-16,2026-03-16T16:00:00-04:00,European,PM,P,8931.610892773493,2887.8878884041433,2889.3878884041433,5,7
FIXTURE-60-038-C,SYNTHETIC-ONLY-01,2026-01-15T15:45:00-05:00,SPXW,2026-03-16,2026-03-16T16:00:00-04:00,European,PM,C,9067.166538700916,0.5087529683955405,0.597827849117248,5,7
FIXTURE-60-038-P,SYNTHETIC-ONLY-01,2026-01-15T15:45:00-05:00,SPXW,2026-03-16,2026-03-16T16:00:00-04:00,European,PM,P,9067.166538700916,3022.446411514938,3023.946411514938,5,7
FIXTURE-60-039-C,SYNTHETIC-ONLY-01,2026-01-15T15:45:00-05:00,SPXW,2026-03-16,2026-03-16T16:00:00-04:00,European,PM,C,9202.722184628337,0.388311641477174,0.4555356770506813,5,7
FIXTURE-60-039-P,SYNTHETIC-ONLY-01,2026-01-15T15:45:00-05:00,SPXW,2026-03-16,2026-03-16T16:00:00-04:00,European,PM,P,9202.722184628337,3156.77379228404,3158.27379228404,5,7
FIXTURE-60-040-C,SYNTHETIC-ONLY-01,2026-01-15T15:45:00-05:00,SPXW,2026-03-16,2026-03-16T16:00:00-04:00,European,PM,C,9338.277830555762,0.2921363867591953,0.3427210759227255,5,7
FIXTURE-60-040-P,SYNTHETIC-ONLY-01,2026-01-15T15:45:00-05:00,SPXW,2026-03-16,2026-03-16T16:00:00-04:00,European,PM,P,9338.277830555762,3291.4474819961097,3292.9474819961097,5,7
FIXTURE-120-000-C,SYNTHETIC-ONLY-01,2026-01-15T15:45:00-05:00,SPXW,2026-05-15,2026-05-15T16:00:00-04:00,European,PM,C,3932.1784717184178,2092.2455980741634,2093.7455980741634,5,7
FIXTURE-120-000-P,SYNTHETIC-ONLY-01,2026-01-15T15:45:00-05:00,SPXW,2026-05-15,2026-05-15T16:00:00-04:00,European,PM,P,3932.1784717184178,2.914411973096545,3.427838505679725,5,7
FIXTURE-120-001-C,SYNTHETIC-ONLY-01,2026-01-15T15:45:00-05:00,SPXW,2026-05-15,2026-05-15T16:00:00-04:00,European,PM,C,4050.538358826999,1976.6386302320263,1978.1386302320263,5,7
FIXTURE-120-001-P,SYNTHETIC-ONLY-01,2026-01-15T15:45:00-05:00,SPXW,2026-05-15,2026-05-15T16:00:00-04:00,European,PM,P,4050.538358826999,4.222852952888287,4.94554033293757,5,7
FIXTURE-120-002-C,SYNTHETIC-ONLY-01,2026-01-15T15:45:00-05:00,SPXW,2026-05-15,2026-05-15T16:00:00-04:00,European,PM,C,4168.89824593558,1861.5571626083424,1863.0571626083424,5,7
FIXTURE-120-002-P,SYNTHETIC-ONLY-01,2026-01-15T15:45:00-05:00,SPXW,2026-05-15,2026-05-15T16:00:00-04:00,European,PM,P,4168.89824593558,5.710916243977955,6.705386605934001,5,7
FIXTURE-120-003-C,SYNTHETIC-ONLY-01,2026-01-15T15:45:00-05:00,SPXW,2026-05-15,2026-05-15T16:00:00-04:00,European,PM,C,4287.258133044161,1746.8357738241755,1748.3357738241755,5,7
FIXTURE-120-003-P,SYNTHETIC-ONLY-01,2026-01-15T15:45:00-05:00,SPXW,2026-05-15,2026-05-15T16:00:00-04:00,European,PM,P,4287.258133044161,7.779291398833173,9.119563255593437,5,7
FIXTURE-120-004-C,SYNTHETIC-ONLY-01,2026-01-15T15:45:00-05:00,SPXW,2026-05-15,2026-05-15T16:00:00-04:00,European,PM,C,4405.618020152742,1632.676927098824,1634.176927098824,5,7
FIXTURE-120-004-P,SYNTHETIC-ONLY-01,2026-01-15T15:45:00-05:00,SPXW,2026-05-15,2026-05-15T16:00:00-04:00,European,PM,P,4405.618020152742,10.34433404178791,11.84433404178791,5,7
FIXTURE-120-005-C,SYNTHETIC-ONLY-01,2026-01-15T15:45:00-05:00,SPXW,2026-05-15,2026-05-15T16:00:00-04:00,European,PM,C,4523.977907261323,1519.3581485654217,1520.8581485654217,5,7
FIXTURE-120-005-P,SYNTHETIC-ONLY-01,2026-01-15T15:45:00-05:00,SPXW,2026-05-15,2026-05-15T16:00:00-04:00,European,PM,P,4523.977907261323,13.734898255071526,15.234898255071526,5,7
FIXTURE-120-006-C,SYNTHETIC-ONLY-01,2026-01-15T15:45:00-05:00,SPXW,2026-05-15,2026-05-15T16:00:00-04:00,European,PM,C,4642.337794369904,1406.556108198018,1408.056108198018,5,7
FIXTURE-120-006-P,SYNTHETIC-ONLY-01,2026-01-15T15:45:00-05:00,SPXW,2026-05-15,2026-05-15T16:00:00-04:00,European,PM,P,4642.337794369904,17.60765692179813,19.10765692179813,5,7
FIXTURE-120-007-C,SYNTHETIC-ONLY-01,2026-01-15T15:45:00-05:00,SPXW,2026-05-15,2026-05-15T16:00:00-04:00,European,PM,C,4760.697681478486,1294.4547518225238,1295.9547518225238,5,7
FIXTURE-120-007-P,SYNTHETIC-ONLY-01,2026-01-15T15:45:00-05:00,SPXW,2026-05-15,2026-05-15T16:00:00-04:00,European,PM,P,4760.697681478486,22.47315669125202,23.97315669125202,5,7
FIXTURE-120-008-C,SYNTHETIC-ONLY-01,2026-01-15T15:45:00-05:00,SPXW,2026-05-15,2026-05-15T16:00:00-04:00,European,PM,C,4879.057568587066,1183.3578488873297,1184.8578488873297,5,7
FIXTURE-120-008-P,SYNTHETIC-ONLY-01,2026-01-15T15:45:00-05:00,SPXW,2026-05-15,2026-05-15T16:00:00-04:00,European,PM,P,4879.057568587066,28.174138008967514,29.674138008967514,5,7
FIXTURE-120-009-C,SYNTHETIC-ONLY-01,2026-01-15T15:45:00-05:00,SPXW,2026-05-15,2026-05-15T16:00:00-04:00,European,PM,C,4997.417455695648,1073.664771423137,1075.164771423137,5,7
FIXTURE-120-009-P,SYNTHETIC-ONLY-01,2026-01-15T15:45:00-05:00,SPXW,2026-05-15,2026-05-15T16:00:00-04:00,European,PM,P,4997.417455695648,35.46072266753345,36.96072266753345,5,7
FIXTURE-120-010-C,SYNTHETIC-ONLY-01,2026-01-15T15:45:00-05:00,SPXW,2026-05-15,2026-05-15T16:00:00-04:00,European,PM,C,5115.777342804229,965.3711310372681,966.8711310372681,5,7
FIXTURE-120-010-P,SYNTHETIC-ONLY-01,2026-01-15T15:45:00-05:00,SPXW,2026-05-15,2026-05-15T16:00:00-04:00,European,PM,P,5115.777342804229,43.81853295506366,45.31853295506366,5,7
FIXTURE-120-011-C,SYNTHETIC-ONLY-01,2026-01-15T15:45:00-05:00,SPXW,2026-05-15,2026-05-15T16:00:00-04:00,European,PM,C,5234.13722991281,859.4112466096544,860.9112466096544,5,7
FIXTURE-120-011-P,SYNTHETIC-ONLY-01,2026-01-15T15:45:00-05:00,SPXW,2026-05-15,2026-05-15T16:00:00-04:00,European,PM,P,5234.13722991281,54.89575371055421,56.39575371055421,5,7
FIXTURE-120-012-C,SYNTHETIC-ONLY-01,2026-01-15T15:45:00-05:00,SPXW,2026-05-15,2026-05-15T16:00:00-04:00,European,PM,C,5352.497117021392,756.7858822064852,758.2858822064852,5,7
FIXTURE-120-012-P,SYNTHETIC-ONLY-01,2026-01-15T15:45:00-05:00,SPXW,2026-05-15,2026-05-15T16:00:00-04:00,European,PM,P,5352.497117021392,68.88268417469583,70.38268417469583,5,7
FIXTURE-120-013-C,SYNTHETIC-ONLY-01,2026-01-15T15:45:00-05:00,SPXW,2026-05-15,2026-05-15T16:00:00-04:00,European,PM,C,5470.857004129973,658.092046458035,659.592046458035,5,7
FIXTURE-120-013-P,SYNTHETIC-ONLY-01,2026-01-15T15:45:00-05:00,SPXW,2026-05-15,2026-05-15T16:00:00-04:00,European,PM,P,5470.857004129973,86.99296796673946,88.49296796673946,5,7
FIXTURE-120-014-C,SYNTHETIC-ONLY-01,2026-01-15T15:45:00-05:00,SPXW,2026-05-15,2026-05-15T16:00:00-04:00,European,PM,C,5589.216891238554,565.1665379495713,566.6665379495713,5,7
FIXTURE-120-014-P,SYNTHETIC-ONLY-01,2026-01-15T15:45:00-05:00,SPXW,2026-05-15,2026-05-15T16:00:00-04:00,European,PM,P,5589.216891238554,110.67552645002765,112.17552645002765,5,7
FIXTURE-120-015-C,SYNTHETIC-ONLY-01,2026-01-15T15:45:00-05:00,SPXW,2026-05-15,2026-05-15T16:00:00-04:00,European,PM,C,5707.576778347135,479.05967668472664,480.55967668472664,5,7
FIXTURE-120-015-P,SYNTHETIC-ONLY-01,2026-01-15T15:45:00-05:00,SPXW,2026-05-15,2026-05-15T16:00:00-04:00,European,PM,P,5707.576778347135,141.33239895299678,142.83239895299678,5,7
FIXTURE-120-016-C,SYNTHETIC-ONLY-01,2026-01-15T15:45:00-05:00,SPXW,2026-05-15,2026-05-15T16:00:00-04:00,European,PM,C,5825.936665455716,400.98997682698774,402.48997682698774,5,7
FIXTURE-120-016-P,SYNTHETIC-ONLY-01,2026-01-15T15:45:00-05:00,SPXW,2026-05-15,2026-05-15T16:00:00-04:00,European,PM,P,5825.936665455716,180.21078924798084,181.71078924798084,5,7
FIXTURE-120-017-C,SYNTHETIC-ONLY-01,2026-01-15T15:45:00-05:00,SPXW,2026-05-15,2026-05-15T16:00:00-04:00,European,PM,C,5944.296552564298,331.9982682532629,333.4982682532629,5,7
FIXTURE-120-017-P,SYNTHETIC-ONLY-01,2026-01-15T15:45:00-05:00,SPXW,2026-05-15,2026-05-15T16:00:00-04:00,European,PM,P,5944.296552564298,228.16131991576336,229.66131991576336,5,7
FIXTURE-120-018-C,SYNTHETIC-ONLY-01,2026-01-15T15:45:00-05:00,SPXW,2026-05-15,2026-05-15T16:00:00-04:00,European,PM,C,6062.656439672878,272.7509649987948,274.2509649987948,5,7
FIXTURE-120-018-P,SYNTHETIC-ONLY-01,2026-01-15T15:45:00-05:00,SPXW,2026-05-15,2026-05-15T16:00:00-04:00,European,PM,P,6062.656439672878,285.75944256526975,287.25944256526975,5,7
FIXTURE-120-019-C,SYNTHETIC-ONLY-01,2026-01-15T15:45:00-05:00,SPXW,2026-05-15,2026-05-15T16:00:00-04:00,European,PM,C,6181.01632678146,222.6296790924934,224.1296790924934,5,7
FIXTURE-120-019-P,SYNTHETIC-ONLY-01,2026-01-15T15:45:00-05:00,SPXW,2026-05-15,2026-05-15T16:00:00-04:00,European,PM,P,6181.01632678146,352.6046121035527,354.1046121035527,5,7
FIXTURE-120-020-C,SYNTHETIC-ONLY-01,2026-01-15T15:45:00-05:00,SPXW,2026-05-15,2026-05-15T16:00:00-04:00,European,PM,C,6299.376213890041,181.8014624178678,183.3014624178678,5,7
FIXTURE-120-020-P,SYNTHETIC-ONLY-01,2026-01-15T15:45:00-05:00,SPXW,2026-05-15,2026-05-15T16:00:00-04:00,European,PM,P,6299.376213890041,428.1915854506542,429.6915854506542,5,7
FIXTURE-120-021-C,SYNTHETIC-ONLY-01,2026-01-15T15:45:00-05:00,SPXW,2026-05-15,2026-05-15T16:00:00-04:00,European,PM,C,6417.736100998622,148.43921025105593,149.93921025105593,5,7
FIXTURE-120-021-P,SYNTHETIC-ONLY-01,2026-01-15T15:45:00-05:00,SPXW,2026-05-15,2026-05-15T16:00:00-04:00,European,PM,P,6417.736100998622,511.84451778140715,513.3445177814071,5,7
FIXTURE-120-022-C,SYNTHETIC-ONLY-01,2026-01-15T15:45:00-05:00,SPXW,2026-05-15,2026-05-15T16:00:00-04:00,European,PM,C,6536.095988107203,122.1618463906344,123.6618463906344,5,7
FIXTURE-120-022-P,SYNTHETIC-ONLY-01,2026-01-15T15:45:00-05:00,SPXW,2026-05-15,2026-05-15T16:00:00-04:00,European,PM,P,6536.095988107203,602.369672963592,603.869672963592,5,7
FIXTURE-120-023-C,SYNTHETIC-ONLY-01,2026-01-15T15:45:00-05:00,SPXW,2026-05-15,2026-05-15T16:00:00-04:00,European,PM,C,6654.455875215784,101.47855297877386,102.97855297877386,5,7
FIXTURE-120-023-P,SYNTHETIC-ONLY-01,2026-01-15T15:45:00-05:00,SPXW,2026-05-15,2026-05-15T16:00:00-04:00,European,PM,P,6654.455875215784,698.5646506701848,700.0646506701848,5,7
FIXTURE-120-024-C,SYNTHETIC-ONLY-01,2026-01-15T15:45:00-05:00,SPXW,2026-05-15,2026-05-15T16:00:00-04:00,European,PM,C,6772.815762324365,85.10940763828853,86.60940763828853,5,7
FIXTURE-120-024-P,SYNTHETIC-ONLY-01,2026-01-15T15:45:00-05:00,SPXW,2026-05-15,2026-05-15T16:00:00-04:00,European,PM,P,6772.815762324365,798.953415344795,800.453415344795,5,7
FIXTURE-120-025-C,SYNTHETIC-ONLY-01,2026-01-15T15:45:00-05:00,SPXW,2026-05-15,2026-05-15T16:00:00-04:00,European,PM,C,6891.175649432947,72.46530480863368,73.96530480863368,5,7
FIXTURE-120-025-P,SYNTHETIC-ONLY-01,2026-01-15T15:45:00-05:00,SPXW,2026-05-15,2026-05-15T16:00:00-04:00,European,PM,P,6891.175649432947,902.9863550256455,904.4863550256455,5,7
FIXTURE-120-026-C,SYNTHETIC-ONLY-01,2026-01-15T15:45:00-05:00,SPXW,2026-05-15,2026-05-15T16:00:00-04:00,European,PM,C,7009.535536541527,62.09417509199324,63.59417509199324,5,7
FIXTURE-120-026-P,SYNTHETIC-ONLY-01,2026-01-15T15:45:00-05:00,SPXW,2026-05-15,2026-05-15T16:00:00-04:00,European,PM,P,7009.535536541527,1009.4906803128898,1010.9906803128898,5,7
FIXTURE-120-027-C,SYNTHETIC-ONLY-01,2026-01-15T15:45:00-05:00,SPXW,2026-05-15,2026-05-15T16:00:00-04:00,European,PM,C,7127.895423650109,53.85687593315845,55.35687593315845,5,7
FIXTURE-120-027-P,SYNTHETIC-ONLY-01,2026-01-15T15:45:00-05:00,SPXW,2026-05-15,2026-05-15T16:00:00-04:00,European,PM,P,7127.895423650109,1118.0702766237084,1119.5702766237084,5,7
FIXTURE-120-028-C,SYNTHETIC-ONLY-01,2026-01-15T15:45:00-05:00,SPXW,2026-05-15,2026-05-15T16:00:00-04:00,European,PM,C,7246.25531075869,46.817072269386614,48.317072269386614,5,7
FIXTURE-120-028-P,SYNTHETIC-ONLY-01,2026-01-15T15:45:00-05:00,SPXW,2026-05-15,2026-05-15T16:00:00-04:00,European,PM,P,7246.25531075869,1227.8479706177338,1229.3479706177338,5,7
FIXTURE-120-029-C,SYNTHETIC-ONLY-01,2026-01-15T15:45:00-05:00,SPXW,2026-05-15,2026-05-15T16:00:00-04:00,European,PM,C,7364.615197867271,40.85671761089581,42.35671761089581,5,7
FIXTURE-120-029-P,SYNTHETIC-ONLY-01,2026-01-15T15:45:00-05:00,SPXW,2026-05-15,2026-05-15T16:00:00-04:00,European,PM,P,7364.615197867271,1338.7929822681103,1340.2929822681103,5,7
FIXTURE-120-030-C,SYNTHETIC-ONLY-01,2026-01-15T15:45:00-05:00,SPXW,2026-05-15,2026-05-15T16:00:00-04:00,European,PM,C,7482.975084975852,35.93048412747738,37.43048412747738,5,7
FIXTURE-120-030-P,SYNTHETIC-ONLY-01,2026-01-15T15:45:00-05:00,SPXW,2026-05-15,2026-05-15T16:00:00-04:00,European,PM,P,7482.975084975852,1450.7889705193256,1452.2889705193256,5,7
FIXTURE-120-031-C,SYNTHETIC-ONLY-01,2026-01-15T15:45:00-05:00,SPXW,2026-05-15,2026-05-15T16:00:00-04:00,European,PM,C,7601.334972084433,31.7292924374915,33.2292924374915,5,7
FIXTURE-120-031-P,SYNTHETIC-ONLY-01,2026-01-15T15:45:00-05:00,SPXW,2026-05-15,2026-05-15T16:00:00-04:00,European,PM,P,7601.334972084433,1563.1370144567732,1564.6370144567732,5,7
FIXTURE-120-032-C,SYNTHETIC-ONLY-01,2026-01-15T15:45:00-05:00,SPXW,2026-05-15,2026-05-15T16:00:00-04:00,European,PM,C,7719.694859193014,27.923315025918196,29.423315025918196,5,7
FIXTURE-120-032-P,SYNTHETIC-ONLY-01,2026-01-15T15:45:00-05:00,SPXW,2026-05-15,2026-05-15T16:00:00-04:00,European,PM,P,7719.694859193014,1676.2497060419653,1677.7497060419653,5,7
FIXTURE-120-033-C,SYNTHETIC-ONLY-01,2026-01-15T15:45:00-05:00,SPXW,2026-05-15,2026-05-15T16:00:00-04:00,European,PM,C,7838.0547463015955,24.394892058057632,25.894892058057632,5,7
FIXTURE-120-033-P,SYNTHETIC-ONLY-01,2026-01-15T15:45:00-05:00,SPXW,2026-05-15,2026-05-15T16:00:00-04:00,European,PM,P,7838.0547463015955,1789.615318988728,1791.115318988728,5,7
FIXTURE-120-034-C,SYNTHETIC-ONLY-01,2026-01-15T15:45:00-05:00,SPXW,2026-05-15,2026-05-15T16:00:00-04:00,European,PM,C,7956.414633410176,21.34689955787956,22.84689955787956,5,7
FIXTURE-120-034-P,SYNTHETIC-ONLY-01,2026-01-15T15:45:00-05:00,SPXW,2026-05-15,2026-05-15T16:00:00-04:00,European,PM,P,7956.414633410176,1903.4818268214624,1904.9818268214624,5,7
FIXTURE-120-035-C,SYNTHETIC-ONLY-01,2026-01-15T15:45:00-05:00,SPXW,2026-05-15,2026-05-15T16:00:00-04:00,European,PM,C,8074.7745205187575,18.856482257140623,20.356482257140623,5,7
FIXTURE-120-035-P,SYNTHETIC-ONLY-01,2026-01-15T15:45:00-05:00,SPXW,2026-05-15,2026-05-15T16:00:00-04:00,European,PM,P,8074.7745205187575,2017.756749991771,2019.256749991771,5,7
FIXTURE-120-036-C,SYNTHETIC-ONLY-01,2026-01-15T15:45:00-05:00,SPXW,2026-05-15,2026-05-15T16:00:00-04:00,European,PM,C,8193.134407627338,16.42021282730112,17.92021282730112,5,7
FIXTURE-120-036-P,SYNTHETIC-ONLY-01,2026-01-15T15:45:00-05:00,SPXW,2026-05-15,2026-05-15T16:00:00-04:00,European,PM,P,8193.134407627338,2132.134297030507,2133.634297030507,5,7
FIXTURE-120-037-C,SYNTHETIC-ONLY-01,2026-01-15T15:45:00-05:00,SPXW,2026-05-15,2026-05-15T16:00:00-04:00,European,PM,C,8311.49429473592,14.320242037261131,15.820242037261131,5,7
FIXTURE-120-037-P,SYNTHETIC-ONLY-01,2026-01-15T15:45:00-05:00,SPXW,2026-05-15,2026-05-15T16:00:00-04:00,European,PM,P,8311.49429473592,2246.9667176506223,2248.4667176506223,5,7
FIXTURE-120-038-C,SYNTHETIC-ONLY-01,2026-01-15T15:45:00-05:00,SPXW,2026-05-15,2026-05-15T16:00:00-04:00,European,PM,C,8429.854181844501,12.397132589106889,13.897132589106889,5,7
FIXTURE-120-038-P,SYNTHETIC-ONLY-01,2026-01-15T15:45:00-05:00,SPXW,2026-05-15,2026-05-15T16:00:00-04:00,European,PM,P,8429.854181844501,2361.9040002924157,2363.4040002924157,5,7
FIXTURE-120-039-C,SYNTHETIC-ONLY-01,2026-01-15T15:45:00-05:00,SPXW,2026-05-15,2026-05-15T16:00:00-04:00,European,PM,C,8548.214068953082,10.850479312108112,12.350479312108112,5,7
FIXTURE-120-039-P,SYNTHETIC-ONLY-01,2026-01-15T15:45:00-05:00,SPXW,2026-05-15,2026-05-15T16:00:00-04:00,European,PM,P,8548.214068953082,2476.846996983948,2478.346996983948,5,7
FIXTURE-120-040-C,SYNTHETIC-ONLY-01,2026-01-15T15:45:00-05:00,SPXW,2026-05-15,2026-05-15T16:00:00-04:00,European,PM,C,8666.573956061662,9.516739741016966,11.016739741016966,5,7
FIXTURE-120-040-P,SYNTHETIC-ONLY-01,2026-01-15T15:45:00-05:00,SPXW,2026-05-15,2026-05-15T16:00:00-04:00,European,PM,P,8666.573956061662,2592.2813760449408,2593.7813760449408,5,7
FIXTURE-120-041-C,SYNTHETIC-ONLY-01,2026-01-15T15:45:00-05:00,SPXW,2026-05-15,2026-05-15T16:00:00-04:00,European,PM,C,8784.933843170244,8.232950407917716,9.665568810190308,5,7
FIXTURE-120-041-P,SYNTHETIC-ONLY-01,2026-01-15T15:45:00-05:00,SPXW,2026-05-15,2026-05-15T16:00:00-04:00,European,PM,P,8784.933843170244,2707.8850624615334,2709.3850624615334,5,7
FIXTURE-120-042-C,SYNTHETIC-ONLY-01,2026-01-15T15:45:00-05:00,SPXW,2026-05-15,2026-05-15T16:00:00-04:00,European,PM,C,8903.293730278825,7.216412062318072,8.469936600810724,5,7
FIXTURE-120-042-P,SYNTHETIC-ONLY-01,2026-01-15T15:45:00-05:00,SPXW,2026-05-15,2026-05-15T16:00:00-04:00,European,PM,P,8903.293730278825,2823.5461876039813,2825.0461876039813,5,7
FIXTURE-120-043-C,SYNTHETIC-ONLY-01,2026-01-15T15:45:00-05:00,SPXW,2026-05-15,2026-05-15T16:00:00-04:00,European,PM,C,9021.653617387406,6.237338599829427,7.33319048730993,5,7
FIXTURE-120-043-P,SYNTHETIC-ONLY-01,2026-01-15T15:45:00-05:00,SPXW,2026-05-15,2026-05-15T16:00:00-04:00,European,PM,P,9021.653617387406,2939.4899022043965,2940.9899022043965,5,7
FIXTURE-120-044-C,SYNTHETIC-ONLY-01,2026-01-15T15:45:00-05:00,SPXW,2026-05-15,2026-05-15T16:00:00-04:00,European,PM,C,9140.013504495988,5.557445464377119,6.514649335679515,5,7
FIXTURE-120-044-P,SYNTHETIC-ONLY-01,2026-01-15T15:45:00-05:00,SPXW,2026-05-15,2026-05-15T16:00:00-04:00,European,PM,P,9140.013504495988,3055.347611452431,3056.847611452431,5,7
FIXTURE-120-045-C,SYNTHETIC-ONLY-01,2026-01-15T15:45:00-05:00,SPXW,2026-05-15,2026-05-15T16:00:00-04:00,European,PM,C,9258.37339160457,4.779878170180392,5.615302841647602,5,7
FIXTURE-120-045-P,SYNTHETIC-ONLY-01,2026-01-15T15:45:00-05:00,SPXW,2026-05-15,2026-05-15T16:00:00-04:00,European,PM,P,9258.37339160457,3171.38095780956,3172.88095780956,5,7
FIXTURE-120-046-C,SYNTHETIC-ONLY-01,2026-01-15T15:45:00-05:00,SPXW,2026-05-15,2026-05-15T16:00:00-04:00,European,PM,C,9376.733278713149,4.250129939363646,4.9787091074860115,5,7
FIXTURE-120-046-P,SYNTHETIC-ONLY-01,2026-01-15T15:45:00-05:00,SPXW,2026-05-15,2026-05-15T16:00:00-04:00,European,PM,P,9376.733278713149,3287.453309102457,3288.953309102457,5,7
FIXTURE-240-000-C,SYNTHETIC-ONLY-01,2026-01-15T15:45:00-05:00,SPXW,2026-09-12,2026-09-12T16:00:00-04:00,European,PM,C,3964.630930403688,2095.251253476621,2096.751253476621,5,7
FIXTURE-240-000-P,SYNTHETIC-ONLY-01,2026-01-15T15:45:00-05:00,SPXW,2026-09-12,2026-09-12T16:00:00-04:00,European,PM,P,3964.630930403688,15.78669539822095,17.28669539822095,5,7
FIXTURE-240-001-C,SYNTHETIC-ONLY-01,2026-01-15T15:45:00-05:00,SPXW,2026-09-12,2026-09-12T16:00:00-04:00,European,PM,C,4070.1980261836684,1995.6250691627338,1997.1250691627338,5,7
FIXTURE-240-001-P,SYNTHETIC-ONLY-01,2026-01-15T15:45:00-05:00,SPXW,2026-09-12,2026-09-12T16:00:00-04:00,European,PM,P,4070.1980261836684,19.063551358495705,20.563551358495705,5,7
FIXTURE-240-002-C,SYNTHETIC-ONLY-01,2026-01-15T15:45:00-05:00,SPXW,2026-09-12,2026-09-12T16:00:00-04:00,European,PM,C,4175.765121963648,1896.5998662514435,1898.0998662514435,5,7
FIXTURE-240-002-P,SYNTHETIC-ONLY-01,2026-01-15T15:45:00-05:00,SPXW,2026-09-12,2026-09-12T16:00:00-04:00,European,PM,P,4175.765121963648,22.98473552357064,24.48473552357064,5,7
FIXTURE-240-003-C,SYNTHETIC-ONLY-01,2026-01-15T15:45:00-05:00,SPXW,2026-09-12,2026-09-12T16:00:00-04:00,European,PM,C,4281.3322177436285,1798.2858407074127,1799.7858407074127,5,7
FIXTURE-240-003-P,SYNTHETIC-ONLY-01,2026-01-15T15:45:00-05:00,SPXW,2026-09-12,2026-09-12T16:00:00-04:00,European,PM,P,4281.3322177436285,27.17890495601658,28.67890495601658,5,7
FIXTURE-240-004-C,SYNTHETIC-ONLY-01,2026-01-15T15:45:00-05:00,SPXW,2026-09-12,2026-09-12T16:00:00-04:00,European,PM,C,4386.899313523608,1700.4231141235275,1701.9231141235275,5,7
FIXTURE-240-004-P,SYNTHETIC-ONLY-01,2026-01-15T15:45:00-05:00,SPXW,2026-09-12,2026-09-12T16:00:00-04:00,European,PM,P,4386.899313523608,32.09396070243777,33.59396070243777,5,7
FIXTURE-240-005-C,SYNTHETIC-ONLY-01,2026-01-15T15:45:00-05:00,SPXW,2026-09-12,2026-09-12T16:00:00-04:00,European,PM,C,4492.466409303588,1602.9020402523918,1604.4020402523918,5,7
FIXTURE-240-005-P,SYNTHETIC-ONLY-01,2026-01-15T15:45:00-05:00,SPXW,2026-09-12,2026-09-12T16:00:00-04:00,European,PM,P,4492.466409303588,37.775756917060754,39.275756917060754,5,7
FIXTURE-240-006-C,SYNTHETIC-ONLY-01,2026-01-15T15:45:00-05:00,SPXW,2026-09-12,2026-09-12T16:00:00-04:00,European,PM,C,4598.033505083567,1506.4952322728238,1507.9952322728238,5,7
FIXTURE-240-006-P,SYNTHETIC-ONLY-01,2026-01-15T15:45:00-05:00,SPXW,2026-09-12,2026-09-12T16:00:00-04:00,European,PM,P,4598.033505083567,43.94051195895317,45.44051195895317,5,7
FIXTURE-240-007-C,SYNTHETIC-ONLY-01,2026-01-15T15:45:00-05:00,SPXW,2026-09-12,2026-09-12T16:00:00-04:00,European,PM,C,4703.600600863548,1410.9729779614936,1412.4729779614936,5,7
FIXTURE-240-007-P,SYNTHETIC-ONLY-01,2026-01-15T15:45:00-05:00,SPXW,2026-09-12,2026-09-12T16:00:00-04:00,European,PM,P,4703.600600863548,51.283359708029494,52.783359708029494,5,7
FIXTURE-240-008-C,SYNTHETIC-ONLY-01,2026-01-15T15:45:00-05:00,SPXW,2026-09-12,2026-09-12T16:00:00-04:00,European,PM,C,4809.167696643528,1316.386719972893,1317.886719972893,5,7
FIXTURE-240-008-P,SYNTHETIC-ONLY-01,2026-01-15T15:45:00-05:00,SPXW,2026-09-12,2026-09-12T16:00:00-04:00,European,PM,P,4809.167696643528,59.467025988340765,60.967025988340765,5,7
FIXTURE-240-009-C,SYNTHETIC-ONLY-01,2026-01-15T15:45:00-05:00,SPXW,2026-09-12,2026-09-12T16:00:00-04:00,European,PM,C,4914.734792423507,1223.0469164669403,1224.5469164669403,5,7
FIXTURE-240-009-P,SYNTHETIC-ONLY-01,2026-01-15T15:45:00-05:00,SPXW,2026-09-12,2026-09-12T16:00:00-04:00,European,PM,P,4914.734792423507,69.22225804257072,70.72225804257072,5,7
FIXTURE-240-010-C,SYNTHETIC-ONLY-01,2026-01-15T15:45:00-05:00,SPXW,2026-09-12,2026-09-12T16:00:00-04:00,European,PM,C,5020.301888203487,1131.5233518231944,1133.0233518231944,5,7
FIXTURE-240-010-P,SYNTHETIC-ONLY-01,2026-01-15T15:45:00-05:00,SPXW,2026-09-12,2026-09-12T16:00:00-04:00,European,PM,P,5020.301888203487,80.38659416589203,81.88659416589203,5,7
FIXTURE-240-011-C,SYNTHETIC-ONLY-01,2026-01-15T15:45:00-05:00,SPXW,2026-09-12,2026-09-12T16:00:00-04:00,European,PM,C,5125.868983983467,1042.1301058899771,1043.6301058899771,5,7
FIXTURE-240-011-P,SYNTHETIC-ONLY-01,2026-01-15T15:45:00-05:00,SPXW,2026-09-12,2026-09-12T16:00:00-04:00,European,PM,P,5125.868983983467,93.73423997111537,95.23423997111537,5,7
FIXTURE-240-012-C,SYNTHETIC-ONLY-01,2026-01-15T15:45:00-05:00,SPXW,2026-09-12,2026-09-12T16:00:00-04:00,European,PM,C,5231.436079763447,955.0836132741081,956.5836132741081,5,7
FIXTURE-240-012-P,SYNTHETIC-ONLY-01,2026-01-15T15:45:00-05:00,SPXW,2026-09-12,2026-09-12T16:00:00-04:00,European,PM,P,5231.436079763447,109.75184800769767,111.25184800769767,5,7
FIXTURE-240-013-C,SYNTHETIC-ONLY-01,2026-01-15T15:45:00-05:00,SPXW,2026-09-12,2026-09-12T16:00:00-04:00,European,PM,C,5337.003175543427,871.13217546266,872.63217546266,5,7
FIXTURE-240-013-P,SYNTHETIC-ONLY-01,2026-01-15T15:45:00-05:00,SPXW,2026-09-12,2026-09-12T16:00:00-04:00,European,PM,P,5337.003175543427,128.385003302284,129.885003302284,5,7
FIXTURE-240-014-C,SYNTHETIC-ONLY-01,2026-01-15T15:45:00-05:00,SPXW,2026-09-12,2026-09-12T16:00:00-04:00,European,PM,C,5442.570271323407,790.6054728857528,792.1054728857528,5,7
FIXTURE-240-014-P,SYNTHETIC-ONLY-01,2026-01-15T15:45:00-05:00,SPXW,2026-09-12,2026-09-12T16:00:00-04:00,European,PM,P,5442.570271323407,150.72364666743394,152.22364666743394,5,7
FIXTURE-240-015-C,SYNTHETIC-ONLY-01,2026-01-15T15:45:00-05:00,SPXW,2026-09-12,2026-09-12T16:00:00-04:00,European,PM,C,5548.137367103387,714.0967339798602,715.5967339798602,5,7
FIXTURE-240-015-P,SYNTHETIC-ONLY-01,2026-01-15T15:45:00-05:00,SPXW,2026-09-12,2026-09-12T16:00:00-04:00,European,PM,P,5548.137367103387,177.07139685608584,178.57139685608584,5,7
FIXTURE-240-016-C,SYNTHETIC-ONLY-01,2026-01-15T15:45:00-05:00,SPXW,2026-09-12,2026-09-12T16:00:00-04:00,European,PM,C,5653.704462883366,641.8199355179281,643.3199355179281,5,7
FIXTURE-240-016-P,SYNTHETIC-ONLY-01,2026-01-15T15:45:00-05:00,SPXW,2026-09-12,2026-09-12T16:00:00-04:00,European,PM,P,5653.704462883366,207.45940930326017,208.95940930326017,5,7
FIXTURE-240-017-C,SYNTHETIC-ONLY-01,2026-01-15T15:45:00-05:00,SPXW,2026-09-12,2026-09-12T16:00:00-04:00,European,PM,C,5759.271558663346,574.3293521037999,575.8293521037999,5,7
FIXTURE-240-017-P,SYNTHETIC-ONLY-01,2026-01-15T15:45:00-05:00,SPXW,2026-09-12,2026-09-12T16:00:00-04:00,European,PM,P,5759.271558663346,243.13862183142533,244.63862183142533,5,7
FIXTURE-240-018-C,SYNTHETIC-ONLY-01,2026-01-15T15:45:00-05:00,SPXW,2026-09-12,2026-09-12T16:00:00-04:00,European,PM,C,5864.838654443326,511.9567882515478,513.4567882515478,5,7
FIXTURE-240-018-P,SYNTHETIC-ONLY-01,2026-01-15T15:45:00-05:00,SPXW,2026-09-12,2026-09-12T16:00:00-04:00,European,PM,P,5864.838654443326,283.55509587949115,285.05509587949115,5,7
FIXTURE-240-019-C,SYNTHETIC-ONLY-01,2026-01-15T15:45:00-05:00,SPXW,2026-09-12,2026-09-12T16:00:00-04:00,European,PM,C,5970.405750223306,454.7489909817097,456.2489909817097,5,7
FIXTURE-240-019-P,SYNTHETIC-ONLY-01,2026-01-15T15:45:00-05:00,SPXW,2026-09-12,2026-09-12T16:00:00-04:00,European,PM,P,5970.405750223306,329.08677577131124,330.58677577131124,5,7
FIXTURE-240-020-C,SYNTHETIC-ONLY-01,2026-01-15T15:45:00-05:00,SPXW,2026-09-12,2026-09-12T16:00:00-04:00,European,PM,C,6075.972846003286,403.08531428810943,404.58531428810943,5,7
FIXTURE-240-020-P,SYNTHETIC-ONLY-01,2026-01-15T15:45:00-05:00,SPXW,2026-09-12,2026-09-12T16:00:00-04:00,European,PM,P,6075.972846003286,380.2130839270302,381.7130839270302,5,7
FIXTURE-240-021-C,SYNTHETIC-ONLY-01,2026-01-15T15:45:00-05:00,SPXW,2026-09-12,2026-09-12T16:00:00-04:00,European,PM,C,6181.539941783265,356.5192588550443,358.0192588550443,5,7
FIXTURE-240-021-P,SYNTHETIC-ONLY-01,2026-01-15T15:45:00-05:00,SPXW,2026-09-12,2026-09-12T16:00:00-04:00,European,PM,P,6181.539941783265,436.36668546432776,437.86668546432776,5,7
FIXTURE-240-022-C,SYNTHETIC-ONLY-01,2026-01-15T15:45:00-05:00,SPXW,2026-09-12,2026-09-12T16:00:00-04:00,European,PM,C,6287.107037563246,315.06440680381365,316.56440680381365,5,7
FIXTURE-240-022-P,SYNTHETIC-ONLY-01,2026-01-15T15:45:00-05:00,SPXW,2026-09-12,2026-09-12T16:00:00-04:00,European,PM,P,6287.107037563246,497.9148274448647,499.4148274448647,5,7
FIXTURE-240-023-C,SYNTHETIC-ONLY-01,2026-01-15T15:45:00-05:00,SPXW,2026-09-12,2026-09-12T16:00:00-04:00,European,PM,C,6392.674133343226,278.3526031734209,279.8526031734209,5,7
FIXTURE-240-023-P,SYNTHETIC-ONLY-01,2026-01-15T15:45:00-05:00,SPXW,2026-09-12,2026-09-12T16:00:00-04:00,European,PM,P,6392.674133343226,563.8599546485617,565.3599546485617,5,7
FIXTURE-240-024-C,SYNTHETIC-ONLY-01,2026-01-15T15:45:00-05:00,SPXW,2026-09-12,2026-09-12T16:00:00-04:00,European,PM,C,6498.241229123205,246.1139421948278,247.6139421948278,5,7
FIXTURE-240-024-P,SYNTHETIC-ONLY-01,2026-01-15T15:45:00-05:00,SPXW,2026-09-12,2026-09-12T16:00:00-04:00,European,PM,P,6498.241229123205,634.6939075783522,636.1939075783522,5,7
FIXTURE-240-025-C,SYNTHETIC-ONLY-01,2026-01-15T15:45:00-05:00,SPXW,2026-09-12,2026-09-12T16:00:00-04:00,European,PM,C,6603.808324903185,218.11069349098858,219.61069349098858,5,7
FIXTURE-240-025-P,SYNTHETIC-ONLY-01,2026-01-15T15:45:00-05:00,SPXW,2026-09-12,2026-09-12T16:00:00-04:00,European,PM,P,6603.808324903185,709.4216595818198,710.9216595818198,5,7
FIXTURE-240-026-C,SYNTHETIC-ONLY-01,2026-01-15T15:45:00-05:00,SPXW,2026-09-12,2026-09-12T16:00:00-04:00,European,PM,C,6709.375420683165,193.84848636356324,195.34848636356324,5,7
FIXTURE-240-026-P,SYNTHETIC-ONLY-01,2026-01-15T15:45:00-05:00,SPXW,2026-09-12,2026-09-12T16:00:00-04:00,European,PM,P,6709.375420683165,787.9137150628628,789.4137150628628,5,7
FIXTURE-240-027-C,SYNTHETIC-ONLY-01,2026-01-15T15:45:00-05:00,SPXW,2026-09-12,2026-09-12T16:00:00-04:00,European,PM,C,6814.942516463145,172.75706492905925,174.25706492905925,5,7
FIXTURE-240-027-P,SYNTHETIC-ONLY-01,2026-01-15T15:45:00-05:00,SPXW,2026-09-12,2026-09-12T16:00:00-04:00,European,PM,P,6814.942516463145,869.6982488923287,871.1982488923287,5,7
FIXTURE-240-028-C,SYNTHETIC-ONLY-01,2026-01-15T15:45:00-05:00,SPXW,2026-09-12,2026-09-12T16:00:00-04:00,European,PM,C,6920.509612243124,154.75977771997114,156.25977771997114,5,7
FIXTURE-240-028-P,SYNTHETIC-ONLY-01,2026-01-15T15:45:00-05:00,SPXW,2026-09-12,2026-09-12T16:00:00-04:00,European,PM,P,6920.509612243124,954.3029553736751,955.8029553736751,5,7
FIXTURE-240-029-C,SYNTHETIC-ONLY-01,2026-01-15T15:45:00-05:00,SPXW,2026-09-12,2026-09-12T16:00:00-04:00,European,PM,C,7026.0767080231035,138.9326196095447,140.4326196095447,5,7
FIXTURE-240-029-P,SYNTHETIC-ONLY-01,2026-01-15T15:45:00-05:00,SPXW,2026-09-12,2026-09-12T16:00:00-04:00,European,PM,P,7026.0767080231035,1041.6801427733142,1043.1801427733142,5,7
FIXTURE-240-030-C,SYNTHETIC-ONLY-01,2026-01-15T15:45:00-05:00,SPXW,2026-09-12,2026-09-12T16:00:00-04:00,European,PM,C,7131.643803803085,125.69508866400665,127.19508866400665,5,7
FIXTURE-240-030-P,SYNTHETIC-ONLY-01,2026-01-15T15:45:00-05:00,SPXW,2026-09-12,2026-09-12T16:00:00-04:00,European,PM,P,7131.643803803085,1131.106156009126,1132.606156009126,5,7
FIXTURE-240-031-C,SYNTHETIC-ONLY-01,2026-01-15T15:45:00-05:00,SPXW,2026-09-12,2026-09-12T16:00:00-04:00,European,PM,C,7237.210899583064,113.81823423888375,115.31823423888375,5,7
FIXTURE-240-031-P,SYNTHETIC-ONLY-01,2026-01-15T15:45:00-05:00,SPXW,2026-09-12,2026-09-12T16:00:00-04:00,European,PM,P,7237.210899583064,1222.2774492521985,1223.7774492521985,5,7
FIXTURE-240-032-C,SYNTHETIC-ONLY-01,2026-01-15T15:45:00-05:00,SPXW,2026-09-12,2026-09-12T16:00:00-04:00,European,PM,C,7342.777995363044,103.69552708596841,105.19552708596841,5,7
FIXTURE-240-032-P,SYNTHETIC-ONLY-01,2026-01-15T15:45:00-05:00,SPXW,2026-09-12,2026-09-12T16:00:00-04:00,European,PM,P,7342.777995363044,1314.7525428378522,1316.2525428378522,5,7
FIXTURE-240-033-C,SYNTHETIC-ONLY-01,2026-01-15T15:45:00-05:00,SPXW,2026-09-12,2026-09-12T16:00:00-04:00,European,PM,C,7448.345091143025,94.97894374890971,96.47894374890971,5,7
FIXTURE-240-033-P,SYNTHETIC-ONLY-01,2026-01-15T15:45:00-05:00,SPXW,2026-09-12,2026-09-12T16:00:00-04:00,European,PM,P,7448.345091143025,1408.8203472365735,1410.3203472365735,5,7
FIXTURE-240-034-C,SYNTHETIC-ONLY-01,2026-01-15T15:45:00-05:00,SPXW,2026-09-12,2026-09-12T16:00:00-04:00,European,PM,C,7553.912186923004,87.09665658046629,88.59665658046629,5,7
FIXTURE-240-034-P,SYNTHETIC-ONLY-01,2026-01-15T15:45:00-05:00,SPXW,2026-09-12,2026-09-12T16:00:00-04:00,European,PM,P,7553.912186923004,1503.7409302906767,1505.2409302906767,5,7
FIXTURE-240-035-C,SYNTHETIC-ONLY-01,2026-01-15T15:45:00-05:00,SPXW,2026-09-12,2026-09-12T16:00:00-04:00,European,PM,C,7659.479282702983,80.34480783101702,81.84480783101702,5,7
FIXTURE-240-035-P,SYNTHETIC-ONLY-01,2026-01-15T15:45:00-05:00,SPXW,2026-09-12,2026-09-12T16:00:00-04:00,European,PM,P,7659.479282702983,1599.7319429620377,1601.2319429620377,5,7
FIXTURE-240-036-C,SYNTHETIC-ONLY-01,2026-01-15T15:45:00-05:00,SPXW,2026-09-12,2026-09-12T16:00:00-04:00,European,PM,C,7765.046378482963,74.13461162192671,75.63461162192671,5,7
FIXTURE-240-036-P,SYNTHETIC-ONLY-01,2026-01-15T15:45:00-05:00,SPXW,2026-09-12,2026-09-12T16:00:00-04:00,European,PM,P,7765.046378482963,1696.4160725820004,1697.9160725820004,5,7
FIXTURE-240-037-C,SYNTHETIC-ONLY-01,2026-01-15T15:45:00-05:00,SPXW,2026-09-12,2026-09-12T16:00:00-04:00,European,PM,C,7870.613474262944,68.52361462421169,70.02361462421169,5,7
FIXTURE-240-037-P,SYNTHETIC-ONLY-01,2026-01-15T15:45:00-05:00,SPXW,2026-09-12,2026-09-12T16:00:00-04:00,European,PM,P,7870.613474262944,1793.7162039667924,1795.2162039667924,5,7
FIXTURE-240-038-C,SYNTHETIC-ONLY-01,2026-01-15T15:45:00-05:00,SPXW,2026-09-12,2026-09-12T16:00:00-04:00,European,PM,C,7976.180570042923,63.63358011287603,65.13358011287603,5,7
FIXTURE-240-038-P,SYNTHETIC-ONLY-01,2026-01-15T15:45:00-05:00,SPXW,2026-09-12,2026-09-12T16:00:00-04:00,European,PM,P,7976.180570042923,1891.6869406594317,1893.1869406594317,5,7
FIXTURE-240-039-C,SYNTHETIC-ONLY-01,2026-01-15T15:45:00-05:00,SPXW,2026-09-12,2026-09-12T16:00:00-04:00,European,PM,C,8081.747665822903,59.09504551362056,60.59504551362056,5,7
FIXTURE-240-039-P,SYNTHETIC-ONLY-01,2026-01-15T15:45:00-05:00,SPXW,2026-09-12,2026-09-12T16:00:00-04:00,European,PM,P,8081.747665822903,1989.8272966052896,1991.3272966052896,5,7
FIXTURE-240-040-C,SYNTHETIC-ONLY-01,2026-01-15T15:45:00-05:00,SPXW,2026-09-12,2026-09-12T16:00:00-04:00,European,PM,C,8187.314761602884,55.00066779233973,56.50066779233973,5,7
FIXTURE-240-040-P,SYNTHETIC-ONLY-01,2026-01-15T15:45:00-05:00,SPXW,2026-09-12,2026-09-12T16:00:00-04:00,European,PM,P,8187.314761602884,2088.7025801875375,2090.2025801875375,5,7
FIXTURE-240-041-C,SYNTHETIC-ONLY-01,2026-01-15T15:45:00-05:00,SPXW,2026-09-12,2026-09-12T16:00:00-04:00,European,PM,C,8292.881857382863,51.17033254391446,52.67033254391446,5,7
FIXTURE-240-041-P,SYNTHETIC-ONLY-01,2026-01-15T15:45:00-05:00,SPXW,2026-09-12,2026-09-12T16:00:00-04:00,European,PM,P,8292.881857382863,2187.633843786592,2189.133843786592,5,7
FIXTURE-240-042-C,SYNTHETIC-ONLY-01,2026-01-15T15:45:00-05:00,SPXW,2026-09-12,2026-09-12T16:00:00-04:00,European,PM,C,8398.448953162842,47.65438196018084,49.15438196018084,5,7
FIXTURE-240-042-P,SYNTHETIC-ONLY-01,2026-01-15T15:45:00-05:00,SPXW,2026-09-12,2026-09-12T16:00:00-04:00,European,PM,P,8398.448953162842,2287.0839197556816,2288.5839197556816,5,7
FIXTURE-240-043-C,SYNTHETIC-ONLY-01,2026-01-15T15:45:00-05:00,SPXW,2026-09-12,2026-09-12T16:00:00-04:00,European,PM,C,8504.016048942822,44.40525984760093,45.90525984760093,5,7
FIXTURE-240-043-P,SYNTHETIC-ONLY-01,2026-01-15T15:45:00-05:00,SPXW,2026-09-12,2026-09-12T16:00:00-04:00,European,PM,P,8504.016048942822,2386.652729610332,2388.152729610332,5,7
FIXTURE-240-044-C,SYNTHETIC-ONLY-01,2026-01-15T15:45:00-05:00,SPXW,2026-09-12,2026-09-12T16:00:00-04:00,European,PM,C,8609.583144722803,41.44568982206171,42.94568982206171,5,7
FIXTURE-240-044-P,SYNTHETIC-ONLY-01,2026-01-15T15:45:00-05:00,SPXW,2026-09-12,2026-09-12T16:00:00-04:00,European,PM,P,8609.583144722803,2486.4174653629098,2487.9174653629098,5,7
FIXTURE-240-045-C,SYNTHETIC-ONLY-01,2026-01-15T15:45:00-05:00,SPXW,2026-09-12,2026-09-12T16:00:00-04:00,European,PM,C,8715.150240502782,38.58971081045211,40.08971081045211,5,7
FIXTURE-240-045-P,SYNTHETIC-ONLY-01,2026-01-15T15:45:00-05:00,SPXW,2026-09-12,2026-09-12T16:00:00-04:00,European,PM,P,8715.150240502782,2586.3037455757158,2587.8037455757158,5,7
FIXTURE-240-046-C,SYNTHETIC-ONLY-01,2026-01-15T15:45:00-05:00,SPXW,2026-09-12,2026-09-12T16:00:00-04:00,European,PM,C,8820.717336282763,35.906124862616714,37.406124862616714,5,7
FIXTURE-240-046-P,SYNTHETIC-ONLY-01,2026-01-15T15:45:00-05:00,SPXW,2026-09-12,2026-09-12T16:00:00-04:00,European,PM,P,8820.717336282763,2686.462386744762,2687.962386744762,5,7
FIXTURE-240-047-C,SYNTHETIC-ONLY-01,2026-01-15T15:45:00-05:00,SPXW,2026-09-12,2026-09-12T16:00:00-04:00,European,PM,C,8926.284432062743,33.589522015927514,35.089522015927514,5,7
FIXTURE-240-047-P,SYNTHETIC-ONLY-01,2026-01-15T15:45:00-05:00,SPXW,2026-09-12,2026-09-12T16:00:00-04:00,European,PM,P,8926.284432062743,2786.8698468413872,2788.3698468413872,5,7
FIXTURE-240-048-C,SYNTHETIC-ONLY-01,2026-01-15T15:45:00-05:00,SPXW,2026-09-12,2026-09-12T16:00:00-04:00,European,PM,C,9031.851527842722,31.06539701295902,32.565397012959025,5,7
FIXTURE-240-048-P,SYNTHETIC-ONLY-01,2026-01-15T15:45:00-05:00,SPXW,2026-09-12,2026-09-12T16:00:00-04:00,European,PM,P,9031.851527842722,2887.6502985603597,2889.1502985603597,5,7
FIXTURE-240-049-C,SYNTHETIC-ONLY-01,2026-01-15T15:45:00-05:00,SPXW,2026-09-12,2026-09-12T16:00:00-04:00,European,PM,C,9137.418623622701,29.008587756035805,30.508587756035805,5,7
FIXTURE-240-049-P,SYNTHETIC-ONLY-01,2026-01-15T15:45:00-05:00,SPXW,2026-09-12,2026-09-12T16:00:00-04:00,European,PM,P,9137.418623622701,2988.219026303218,2989.719026303218,5,7
FIXTURE-240-050-C,SYNTHETIC-ONLY-01,2026-01-15T15:45:00-05:00,SPXW,2026-09-12,2026-09-12T16:00:00-04:00,European,PM,C,9242.98571940268,27.119499092495627,28.619499092495627,5,7
FIXTURE-240-050-P,SYNTHETIC-ONLY-01,2026-01-15T15:45:00-05:00,SPXW,2026-09-12,2026-09-12T16:00:00-04:00,European,PM,P,9242.98571940268,3089.0476753824555,3090.5476753824555,5,7
FIXTURE-240-051-C,SYNTHETIC-ONLY-01,2026-01-15T15:45:00-05:00,SPXW,2026-09-12,2026-09-12T16:00:00-04:00,European,PM,C,9348.552815182662,25.09959702687137,26.59959702687137,5,7
FIXTURE-240-051-P,SYNTHETIC-ONLY-01,2026-01-15T15:45:00-05:00,SPXW,2026-09-12,2026-09-12T16:00:00-04:00,European,PM,P,9348.552815182662,3190.167095743048,3191.667095743048,5,7
FIXTURE-240-052-C,SYNTHETIC-ONLY-01,2026-01-15T15:45:00-05:00,SPXW,2026-09-12,2026-09-12T16:00:00-04:00,European,PM,C,9454.119910962641,23.626119136816428,25.126119136816428,5,7
FIXTURE-240-052-P,SYNTHETIC-ONLY-01,2026-01-15T15:45:00-05:00,SPXW,2026-09-12,2026-09-12T16:00:00-04:00,European,PM,P,9454.119910962641,3291.196372517337,3292.696372517337,5,7
