horizon_days,strike,known_price,added_noise,noisy_price
3.000000000000000000e+01,5.209421009514305297e+03,8.009258132755985571e+02,-1.586834732286213079e-02,8.009099449282756495e+02
3.000000000000000000e+01,5.231040932219041679e+03,7.795374544771593719e+02,1.350790805163293307e-02,7.795509623852110508e+02
3.000000000000000000e+01,5.252660854923778061e+03,7.581840213451287127e+02,-7.032545343436613638e-02,7.581136958916943058e+02
3.000000000000000000e+01,5.274280777628514443e+03,7.368718083943795136e+02,2.626087629644744403e-01,7.371344171573439326e+02
3.000000000000000000e+01,5.295900700333251734e+03,7.156079624375834101e+02,-1.302138051331972468e-01,7.154777486324502433e+02
3.000000000000000000e+01,5.317520623037987207e+03,6.944005441370363769e+02,-4.062171908817060473e-01,6.939943269461546151e+02
3.000000000000000000e+01,5.339140545742724498e+03,6.732585846187366769e+02,-4.932452574251695587e-01,6.727653393613114758e+02
3.000000000000000000e+01,5.360760468447460880e+03,6.521921353100096894e+02,1.513588317424466867e-01,6.523434941417521031e+02
3.000000000000000000e+01,5.382380391152197262e+03,6.312123090976583626e+02,-2.976017800890639053e-01,6.309147073175693095e+02
3.000000000000000000e+01,5.404000313856933644e+03,6.103313108892079981e+02,3.239585662163128044e-01,6.106552694554243317e+02
3.000000000000000000e+01,5.425620236561670026e+03,5.895624557009832643e+02,3.212945392355407437e-01,5.898837502402187738e+02
3.000000000000000000e+01,5.447240159266407318e+03,5.689201724981812731e+02,-2.202012162532211992e-01,5.686999712819280148e+02
3.000000000000000000e+01,5.468860081971143700e+03,5.484199921757335687e+02,-3.927228703364983309e-01,5.480272693053971125e+02
3.000000000000000000e+01,5.490480004675880082e+03,5.280785182948675356e+02,9.055150584553528503e-03,5.280875734454521080e+02
3.000000000000000000e+01,5.512099927380616464e+03,5.079133794766948995e+02,-3.592026505465450992e-02,5.078774592116402573e+02
3.000000000000000000e+01,5.533719850085353755e+03,4.879431626957020853e+02,-3.976505696317187422e-01,4.875455121260703777e+02
3.000000000000000000e+01,5.555339772790089228e+03,4.681873271059030230e+02,-4.037603998409232675e-01,4.677835667060621176e+02
3.000000000000000000e+01,5.576959695494826519e+03,4.486660984607797218e+02,-5.256355845280213934e-02,4.486135349023269328e+02
3.000000000000000000e+01,5.598579618199562901e+03,4.294003446436145168e+02,8.519327105699692204e-02,4.294855379146715109e+02
3.000000000000000000e+01,5.620199540904299283e+03,4.104114332941508110e+02,3.292434352291108146e-01,4.107406767293799135e+02
3.000000000000000000e+01,5.641819463609036575e+03,3.917210729864282257e+02,-9.601622384821750789e-02,3.916250567625800159e+02
3.000000000000000000e+01,5.663439386313772957e+03,3.733511398661239582e+02,-3.319930094848346780e-01,3.730191468566391109e+02
3.000000000000000000e+01,5.685059309018509339e+03,3.553234920787645024e+02,3.320978328574687444e-01,3.556555899116219734e+02
3.000000000000000000e+01,5.706679231723245721e+03,3.376597746984189143e+02,9.111943649151099667e-02,3.377508941349104248e+02
3.000000000000000000e+01,5.728299154427983012e+03,3.203812181865760067e+02,3.595655188145556735e-01,3.207407837053905837e+02
3.000000000000000000e+01,5.749919077132718485e+03,3.035084336613499545e+02,3.289048760063911780e-01,3.038373385373563451e+02
3.000000000000000000e+01,5.771538999837455776e+03,2.870612084286085519e+02,3.958651230494869555e-02,2.871007949409134881e+02
3.000000000000000000e+01,5.793158922542192158e+03,2.710583053123555146e+02,3.673242765431337098e-01,2.714256295888986301e+02
3.000000000000000000e+01,5.814778845246928540e+03,2.555172693176973553e+02,-7.583366843656713652e-02,2.554414356492607965e+02
3.000000000000000000e+01,5.836398767951664922e+03,2.404542450654871573e+02,-8.069069285929875157e-03,2.404461759962012195e+02
3.000000000000000000e+01,5.858018690656402214e+03,2.258838082550942090e+02,2.557277201750733919e-01,2.261395359752692684e+02
3.000000000000000000e+01,5.879638613361138596e+03,2.118188141462592284e+02,-3.195068311562677676e-01,2.114993073151029535e+02
3.000000000000000000e+01,5.901258536065874978e+03,1.982702657104473474e+02,-4.344252361006181173e-01,1.978358404743467247e+02
3.000000000000000000e+01,5.922878458770611360e+03,1.852472036968392786e+02,-2.777047878157113958e-01,1.849694989090235708e+02
3.000000000000000000e+01,5.944498381475347742e+03,1.727566204006111548e+02,2.324618524982979828e-01,1.729890822531094443e+02
3.000000000000000000e+01,5.966118304180085033e+03,1.608033984251337642e+02,-2.534216563875933970e-01,1.605499767687461770e+02
3.000000000000000000e+01,5.987738226884820506e+03,1.493902752100170801e+02,4.155610186478424506e-01,1.498058362286649299e+02
3.000000000000000000e+01,6.009358149589557797e+03,1.385178335686669016e+02,4.236191617490546735e-01,1.389414527304159606e+02
3.000000000000000000e+01,6.030978072294294179e+03,1.281845179572760571e+02,1.661762851809164276e-01,1.283506942424569672e+02
3.000000000000000000e+01,6.052597994999030561e+03,1.183866756959882878e+02,3.012637054955088489e-01,1.186879394014838027e+02
3.000000000000000000e+01,6.074217917703766943e+03,1.091186218957514029e+02,1.090678488140999214e-01,1.092276897445655095e+02
3.000000000000000000e+01,6.095837840408504235e+03,1.003727264222643498e+02,1.661587149835829225e-01,1.005388851372479309e+02
3.000000000000000000e+01,6.117457763113240617e+03,9.213952086125118512e+01,-4.227910164066540633e-01,9.171672984484453650e+01
3.000000000000000000e+01,6.139077685817977908e+03,8.440782314433135980e+01,-4.266175432308643156e-01,8.398120560110049837e+01
3.000000000000000000e+01,6.160697608522713381e+03,7.716487725717092871e+01,-1.160511660343847007e-01,7.704882609113654723e+01
3.000000000000000000e+01,6.182317531227449763e+03,7.039650528415404551e+01,2.921225490512153744e-01,7.068862783320525978e+01
3.000000000000000000e+01,6.203937453932187054e+03,6.408726894710002853e+01,1.086676743211161256e-01,6.419593662142113999e+01
3.000000000000000000e+01,6.225557376636923436e+03,5.822063776780555600e+01,-1.562371590948175015e-01,5.806440060871074138e+01
3.000000000000000000e+01,6.247177299341658909e+03,5.277916102192898506e+01,2.086674199543093744e-01,5.298782844188329477e+01
3.000000000000000000e+01,6.268797222046396200e+03,4.774464074968500427e+01,-3.339570052673228595e-01,4.741068374441768185e+01
3.000000000000000000e+01,6.290417144751132582e+03,4.309830324022868808e+01,-4.844313639862926069e-01,4.261387187624239203e+01
3.000000000000000000e+01,6.312037067455869874e+03,3.882096660387810516e+01,4.364387617641666273e-01,3.925740536564227057e+01
3.000000000000000000e+01,6.333656990160606256e+03,3.489320228098335974e+01,2.400914310277157959e-02,3.491721142408613332e+01
3.000000000000000000e+01,6.355276912865342638e+03,3.129548859942588024e+01,-1.853386985967857559e-01,3.111014990082909293e+01
3.000000000000000000e+01,6.376896835570079929e+03,2.800835477562816322e+01,1.309930808695278781e-01,2.813934785649768955e+01
3.000000000000000000e+01,6.398516758274815402e+03,2.501251404781623933e+01,1.012481840117377407e-01,2.511376223182797673e+01
3.000000000000000000e+01,6.420136680979551784e+03,2.228898492699499911e+01,1.027663861029307624e-01,2.239175131309793088e+01
3.000000000000000000e+01,6.441756603684289075e+03,1.981919984308638050e+01,1.273911260941129608e-01,1.994659096918049457e+01
3.000000000000000000e+01,6.463376526389025457e+03,1.758510074437378989e+01,-4.351083863280402753e-01,1.714999235804575051e+01
3.000000000000000000e+01,6.484996449093762749e+03,1.556922147204750217e+01,2.283230529066873071e-01,1.579754452495418882e+01
3.000000000000000000e+01,6.506616371798498221e+03,1.375475697367335215e+01,6.237992628567023967e-02,1.381713689995902250e+01
3.000000000000000000e+01,6.528236294503234603e+03,1.212561963623784322e+01,1.327917465917308748e-01,1.225841138282957488e+01
3.000000000000000000e+01,6.549856217207971895e+03,1.066648320856711507e+01,1.964334363580254594e-01,1.086291664492514109e+01
3.000000000000000000e+01,6.571476139912708277e+03,9.362814942907277782e+00,-1.053520343258391723e-01,9.257462908581437944e+00
3.000000000000000000e+01,6.593096062617445568e+03,8.200896715769374623e+00,2.939907535806079997e-01,8.494887469349983178e+00
3.000000000000000000e+01,6.614715985322181950e+03,7.167835989088473525e+00,4.911072957075971468e-01,7.658943284796071005e+00
3.000000000000000000e+01,6.636335908026917423e+03,6.251567545412342497e+00,-2.402566942263105743e-01,6.011310851186031812e+00
3.000000000000000000e+01,6.657955830731653805e+03,5.440846976854800232e+00,3.617509844459269042e-01,5.802597961300727469e+00
3.000000000000000000e+01,6.679575753436391096e+03,4.725236929117471618e+00,-7.755659757950683630e-02,4.647680331537964449e+00
3.000000000000000000e+01,6.701195676141127478e+03,4.095087101490719306e+00,-2.246716339162946330e-02,4.072619938099089509e+00
3.000000000000000000e+01,6.722815598845864770e+03,3.541508984172281771e+00,2.353194913128675569e-02,3.565040933303568416e+00
3.000000000000000000e+01,6.744435521550600242e+03,3.056346278372586767e+00,-2.980772955850461425e-01,2.758268982787540402e+00
3.000000000000000000e+01,6.766055444255336624e+03,2.632141895413468546e+00,1.100414378116605363e-01,2.742183333225129083e+00
3.000000000000000000e+01,6.787675366960073916e+03,2.262102371263509326e+00,-3.445943548998422479e-01,1.917508016363667078e+00
3.000000000000000000e+01,6.809295289664810298e+03,1.940060465381321819e+00,1.629999413304132894e-01,2.103060406711735109e+00
3.000000000000000000e+01,6.830915212369547589e+03,1.660436639926786029e+00,3.919144498459866677e-01,2.052351089772772585e+00
3.000000000000000000e+01,6.852535135074283971e+03,1.418200039639174292e+00,4.383911501808880340e-01,1.856591189820062215e+00
3.000000000000000000e+01,6.874155057779021263e+03,1.208829516035187623e+00,4.295359840119553629e-01,1.638365500047143097e+00
3.000000000000000000e+01,6.895774980483756735e+03,1.028275163789807323e+00,-2.411258291506692686e-01,7.871493346391380541e-01
3.000000000000000000e+01,6.917394903188493117e+03,8.729207637426057431e-01,-1.392906890691469890e-02,8.589916948356910442e-01
3.000000000000000000e+01,6.939014825893229499e+03,7.395474571009827969e-01,4.413670633542945421e-01,1.180914520455277339e+00
6.000000000000000000e+01,4.919209489599415065e+03,1.099131906854518093e+03,3.204358922673983257e-01,1.099452342746785462e+03
6.000000000000000000e+01,4.949952456940749471e+03,1.068827167670468043e+03,-4.533532092541026071e-02,1.068781832349542583e+03
6.000000000000000000e+01,4.980695424282083877e+03,1.038577147010127192e+03,4.584207969769055202e-01,1.039035567807104144e+03
6.000000000000000000e+01,5.011438391623418283e+03,1.008392155381713565e+03,2.361199477277967640e-01,1.008628275329441408e+03
6.000000000000000000e+01,5.042181358964751780e+03,9.782839201229990067e+02,-1.273491803911255271e-01,9.781565709426079138e+02
6.000000000000000000e+01,5.072924326306086186e+03,9.482656775495352122e+02,1.146951121528481110e-01,9.483803726616880567e+02
6.000000000000000000e+01,5.103667293647420593e+03,9.183522529962720000e+02,4.684916746120196818e-01,9.188207446708839825e+02
6.000000000000000000e+01,5.134410260988754999e+03,8.885601253907379942e+02,1.237416124656173233e-01,8.886838670032036589e+02
6.000000000000000000e+01,5.165153228330089405e+03,8.589074730303691467e+02,-1.747590158952956330e-01,8.587327140144737996e+02
6.000000000000000000e+01,5.195896195671423811e+03,8.294141973835412500e+02,-6.630713130748377981e-02,8.293478902522338103e+02
6.000000000000000000e+01,5.226639163012757308e+03,8.001019219982035793e+02,-4.217826960411138471e-01,7.996801393021625017e+02
6.000000000000000000e+01,5.257382130354091714e+03,7.709939639834819900e+02,-1.733981317383851417e-01,7.708205658517435950e+02
6.000000000000000000e+01,5.288125097695426120e+03,7.421152760232271248e+02,4.746641169784925340e-01,7.425899401402056128e+02
6.000000000000000000e+01,5.318868065036760527e+03,7.134923574758449831e+02,8.568618284829898624e-02,7.135780436586933320e+02
6.000000000000000000e+01,5.349611032378094933e+03,6.851531337972191977e+02,-8.307129397922952130e-02,6.850700625032400239e+02
6.000000000000000000e+01,5.380353999719429339e+03,6.571268042735437120e+02,-4.186835940333657469e-01,6.567081206795103299e+02
6.000000000000000000e+01,5.411096967060763745e+03,6.294436588454664161e+02,-4.645368329405252794e-02,6.293972051621723267e+02
6.000000000000000000e+01,5.441839934402098152e+03,6.021348656187228698e+02,4.805424595978072810e-01,6.026154080783206837e+02
6.000000000000000000e+01,5.472582901743431648e+03,5.752322314615421419e+02,4.435764061017846149e-01,5.756758078676439254e+02
6.000000000000000000e+01,5.503325869084766055e+03,5.487679388581691455e+02,1.130195254749064571e-01,5.488809583836440424e+02
6.000000000000000000e+01,5.534068836426100461e+03,5.227742628935320681e+02,-4.051199152405657866e-01,5.223691429782915066e+02
6.000000000000000000e+01,5.564811803767434867e+03,4.972832728610701452e+02,4.274652625612845869e-01,4.977107381236314154e+02
6.000000000000000000e+01,5.595554771108769273e+03,4.723265234921154843e+02,4.015255021232999599e-02,4.723666760423278106e+02
6.000000000000000000e+01,5.626297738450103679e+03,4.479347411824119263e+02,4.492956548697478736e-01,4.483840368372816556e+02
6.000000000000000000e+01,5.657040705791437176e+03,4.241375108259962872e+02,-7.020641145910544445e-02,4.240673044145372046e+02
6.000000000000000000e+01,5.687783673132771582e+03,4.009629689503835834e+02,2.622844163194175682e-01,4.012252533667029866e+02
6.000000000000000000e+01,5.718526640474105989e+03,3.784375087770240498e+02,-1.845258423674676074e-01,3.782529829346565862e+02
6.000000000000000000e+01,5.749269607815440395e+03,3.565855026101157819e+02,-2.068380929808085744e-01,3.563786645171349505e+02
6.000000000000000000e+01,5.780012575156774801e+03,3.354290465930776008e+02,4.012183241612926610e-01,3.358302649172388783e+02
6.000000000000000000e+01,5.810755542498109207e+03,3.149877323785558474e+02,1.337377934226887666e-01,3.151214701719785580e+02
6.000000000000000000e+01,5.841498509839443614e+03,2.952784496515969295e+02,-3.322243310524358728e-01,2.949462253205444995e+02
6.000000000000000000e+01,5.872241477180777110e+03,2.763152227476030021e+02,3.150871806185181478e-01,2.766303099282214930e+02
6.000000000000000000e+01,5.902984444522111517e+03,2.581090838397412881e+02,-3.923397675686129960e-01,2.577167440721726734e+02
6.000000000000000000e+01,5.933727411863445923e+03,2.406679843594693011e+02,-1.941346605173077666e-01,2.404738496989519945e+02
6.000000000000000000e+01,5.964470379204780329e+03,2.239967454838169942e+02,-2.703775969512193234e-01,2.237263678868657735e+02
6.000000000000000000e+01,5.995213346546114735e+03,2.080970476987927213e+02,2.381186464155555793e-01,2.083351663452082789e+02
6.000000000000000000e+01,6.025956313887448232e+03,1.929674586532191825e+02,3.815741789641394766e-01,1.933490328321833260e+02
6.000000000000000000e+01,6.056699281228782638e+03,1.786034977725280442e+02,2.337675324921550946e-01,1.788372653050201961e+02
6.000000000000000000e+01,6.087442248570117044e+03,1.649977354262446170e+02,8.905263677036268088e-02,1.650867880630149784e+02
6.000000000000000000e+01,6.118185215911451451e+03,1.521399238510584837e+02,4.454321656590204404e-01,1.525853560167174976e+02
6.000000000000000000e+01,6.148928183252784947e+03,1.400171565353980441e+02,2.127299269761012690e-01,1.402298864623741395e+02
6.000000000000000000e+01,6.179671150594119354e+03,1.286140523788671999e+02,-2.295723606908661729e-01,1.283844800181763333e+02
6.000000000000000000e+01,6.210414117935453760e+03,1.179129606552055520e+02,4.178534179443268437e-01,1.183308140731498810e+02
6.000000000000000000e+01,6.241157085276788166e+03,1.078941826308828240e+02,6.385346541468284176e-02,1.079580360962975050e+02
6.000000000000000000e+01,6.271900052618122572e+03,9.853620562032028829e+01,-7.510957077015123495e-02,9.846109604955013594e+01
6.000000000000000000e+01,6.302643019959456979e+03,8.981594528733512561e+01,-1.257785025760239650e-01,8.969016678475909998e+01
6.000000000000000000e+01,6.333385987300791385e+03,8.170899212227641328e+01,4.424882754586872968e-01,8.215148039773509936e+01
6.000000000000000000e+01,6.364128954642124882e+03,7.418985822535091756e+01,-3.369578450191528241e-01,7.385290038033176074e+01
6.000000000000000000e+01,6.394871921983460197e+03,6.723222079693414344e+01,3.162448917873850185e-02,6.726384528611288260e+01
6.000000000000000000e+01,6.425614889324792784e+03,6.080915906249765612e+01,1.741186337955735741e-02,6.082657092587721337e+01
6.000000000000000000e+01,6.456357856666127191e+03,5.489338173004534838e+01,1.409338918854702305e-01,5.503431562193081561e+01
6.000000000000000000e+01,6.487100824007461597e+03,4.945744247838320007e+01,2.634695062199252646e-01,4.972091198460312711e+01
6.000000000000000000e+01,6.517843791348796003e+03,4.447394139252583045e+01,-2.877322792058616407e-01,4.418620911331996837e+01
6.000000000000000000e+01,6.548586758690130409e+03,3.991571068603377626e+01,4.649136294511213574e-02,3.996220204897888806e+01
6.000000000000000000e+01,6.579329726031464816e+03,3.575598346837375630e+01,3.420417218843631035e-01,3.609802519025812018e+01
6.000000000000000000e+01,6.610072693372799222e+03,3.196854471882988946e+01,-9.314839851519196579e-02,3.187539632031469594e+01
6.000000000000000000e+01,6.640815660714133628e+03,2.852786400906813924e+01,-1.252435647247378547e-01,2.840262044434340183e+01
6.000000000000000000e+01,6.671558628055468034e+03,2.540920986756771072e+01,-1.376605722867956239e-01,2.527154929528091643e+01
6.000000000000000000e+01,6.702301595396802441e+03,2.258874599576529363e+01,-1.940139254528028268e-01,2.239473207031248947e+01
6.000000000000000000e+01,6.733044562738136847e+03,2.004360982436571703e+01,1.131506928038686910e-01,2.015676051716958739e+01
6.000000000000000000e+01,6.763787530079469434e+03,1.775197413685924630e+01,-4.830978023277794353e-01,1.726887633453146620e+01
6.000000000000000000e+01,6.794530497420805659e+03,1.569309268491650755e+01,-2.844293507395088128e-01,1.540866333417699963e+01
6.000000000000000000e+01,6.825273464762138246e+03,1.384733087752823621e+01,-3.020559904216095770e-01,1.354527488710662730e+01
6.000000000000000000e+01,6.856016432103472653e+03,1.219618274380871981e+01,4.640182185739833987e-01,1.266020096238270298e+01
6.000000000000000000e+01,6.886759399444807059e+03,1.072227545049400987e+01,4.044501470485565298e-01,1.112672559754256696e+01
6.000000000000000000e+01,6.917502366786141465e+03,9.409362702229600472e+00,-2.914279117837476063e-01,9.117934790445852755e+00
6.000000000000000000e+01,6.948245334127475871e+03,8.242308369042660843e+00,-3.975578939275467016e-01,7.844750475115113808e+00
6.000000000000000000e+01,6.978988301468810278e+03,7.207061674597554202e+00,2.167251679664670139e-01,7.423786842564020994e+00
6.000000000000000000e+01,7.009731268810144684e+03,6.290625244765521984e+00,3.697051471823908919e-01,6.660330391947912432e+00
6.000000000000000000e+01,7.040474236151479090e+03,5.481017262541314494e+00,-3.166422781220135096e-01,5.164374984419301207e+00
6.000000000000000000e+01,7.071217203492813496e+03,4.767228906236425701e+00,3.360740213523946140e-01,5.103302927588820204e+00
6.000000000000000000e+01,7.101960170834147902e+03,4.139178166733046282e+00,3.541690240383422728e-01,4.493347190771388888e+00
6.000000000000000000e+01,7.132703138175482309e+03,3.587661049866582630e+00,3.338297670665417716e-01,3.921490816933124179e+00
6.000000000000000000e+01,7.163446105516814896e+03,3.104301074726933507e+00,1.426293259523295776e-01,3.246930400679262974e+00
6.000000000000000000e+01,7.194189072858150212e+03,2.681497880658611166e+00,-4.362053948433789463e-01,2.245292485815232109e+00
6.000000000000000000e+01,7.224932040199483708e+03,2.312375657366175119e+00,1.736947822674469455e-01,2.486070439633622176e+00
6.000000000000000000e+01,7.255675007540818115e+03,1.990732015871472527e+00,1.304111194114954131e-01,2.121143135282967940e+00
6.000000000000000000e+01,7.286417974882152521e+03,1.710987824803844148e+00,4.221899134870260584e-01,2.133177738290870096e+00
6.000000000000000000e+01,7.317160942223486927e+03,1.468138447987648476e+00,2.666126467451788162e-01,1.734751094732827292e+00
6.000000000000000000e+01,7.347903909564821333e+03,1.257706736561395644e+00,2.818823040915049427e-01,1.539589040652900476e+00
6.000000000000000000e+01,7.378646876906155740e+03,1.075698052638088598e+00,3.926772576603090315e-01,1.468375310298397629e+00
9.000000000000000000e+01,4.709784184175492555e+03,1.315339187340970966e+03,3.721876659464313786e-01,1.315711375006917478e+03
9.000000000000000000e+01,4.747642914131473844e+03,1.278151580315772662e+03,-4.692323682157309994e-01,1.277682347947556991e+03
9.000000000000000000e+01,4.785501644087455134e+03,1.241036580096365469e+03,-4.703933577718310000e-01,1.240566186738593615e+03
9.000000000000000000e+01,4.823360374043437332e+03,1.204008346409275873e+03,-2.086634904874483665e-01,1.203799682918788449e+03
9.000000000000000000e+01,4.861219103999419531e+03,1.167083003856602772e+03,2.376922579337105157e-01,1.167320696114536531e+03
9.000000000000000000e+01,4.899077833955400820e+03,1.130278756799597431e+03,-3.967388333543021561e-01,1.129882017966243211e+03
9.000000000000000000e+01,4.936936563911383018e+03,1.093615982827993321e+03,-1.480775120491822916e-01,1.093467905315944108e+03
9.000000000000000000e+01,4.974795293867364308e+03,1.057117299940878183e+03,-2.455755366904452952e-01,1.056871724404187717e+03
9.000000000000000000e+01,5.012654023823346506e+03,1.020807602820310422e+03,-1.609673718443729307e-01,1.020646635448466100e+03
9.000000000000000000e+01,5.050512753779327795e+03,9.847140640192910723e+02,-4.457404080729365781e-02,9.846694899784837389e+02
9.000000000000000000e+01,5.088371483735309084e+03,9.488660965069202575e+02,-1.418167455009928801e-01,9.487242797614192114e+02
9.000000000000000000e+01,5.126230213691291283e+03,9.132952748032384989e+02,-9.335427980225208255e-02,9.132019205234362289e+02
9.000000000000000000e+01,5.164088943647273481e+03,8.780352128733456993e+02,-4.888110051073455420e-01,8.775464018682383767e+02
9.000000000000000000e+01,5.201947673603254771e+03,8.431213980065094802e+02,6.919481519290227034e-02,8.431905928217023529e+02
9.000000000000000000e+01,5.239806403559236969e+03,8.085909810465764167e+02,1.681231841046149089e-01,8.087591042306810323e+02
9.000000000000000000e+01,5.277665133515218258e+03,7.744825245254278343e+02,1.399923068957520389e-01,7.746225168323236403e+02
9.000000000000000000e+01,5.315523863471199547e+03,7.408357114389846174e+02,-3.404691719223033042e-01,7.404952422670622809e+02
9.000000000000000000e+01,5.353382593427181746e+03,7.076910185520264349e+02,-1.388981681328954609e-01,7.075521203838935662e+02
9.000000000000000000e+01,5.391241323383163035e+03,6.750893591811873193e+02,4.949305632591248783e-01,6.755842897444464370e+02
9.000000000000000000e+01,5.429100053339145234e+03,6.430717013457006033e+02,-3.755856886339842271e-01,6.426961156570665707e+02
9.000000000000000000e+01,5.466958783295126523e+03,6.116786679579263364e+02,4.255698495132144155e-01,6.121042378074395174e+02
9.000000000000000000e+01,5.504817513251108721e+03,5.809501263222709895e+02,-2.241723896272566074e-01,5.807259539326437334e+02
9.000000000000000000e+01,5.542676243207090920e+03,5.509247746008895774e+02,-8.945735901705975657e-02,5.508353172418725308e+02
9.000000000000000000e+01,5.580534973163072209e+03,5.216397330748741297e+02,4.686979559055894917e-01,5.221084310307796841e+02
9.000000000000000000e+01,5.618393703119053498e+03,4.931301479767453202e+02,1.410810737902659096e-01,4.932712290505355668e+02
9.000000000000000000e+01,5.656252433075035697e+03,4.654288153984139171e+02,4.810854528617193315e-01,4.659099008512756086e+02
9.000000000000000000e+01,5.694111163031016986e+03,4.385658323010493405e+02,8.387032978639419323e-02,4.386497026308357476e+02
9.000000000000000000e+01,5.731969892986999184e+03,4.125682809893901322e+02,-4.025026013116613788e-01,4.121657783880784791e+02
9.000000000000000000e+01,5.769828622942980473e+03,3.874599525891253506e+02,-8.987474737944878278e-02,3.873700778417459105e+02
9.000000000000000000e+01,5.807687352898961763e+03,3.632611141125330505e+02,3.077502876308129132e-01,3.635688644001638750e+02
9.000000000000000000e+01,5.845546082854944871e+03,3.399883226490969719e+02,2.599855300658835411e-01,3.402483081791628479e+02
9.000000000000000000e+01,5.883404812810926160e+03,3.176542891098324617e+02,-1.071736929843741803e-01,3.175471154168481007e+02
9.000000000000000000e+01,5.921263542766907449e+03,2.962677928228895325e+02,-5.467776417272085521e-02,2.962131150587168236e+02
9.000000000000000000e+01,5.959122272722888738e+03,2.758336471585580512e+02,4.459545114641967345e-01,2.762796016700222594e+02
9.000000000000000000e+01,5.996981002678870937e+03,2.563527152865217431e+02,-1.577938886510799055e-02,2.563369358976566446e+02
9.000000000000000000e+01,6.034839732634853135e+03,2.378219741662728666e+02,4.765732281444103879e-01,2.382985473944172838e+02
9.000000000000000000e+01,6.072698462590835334e+03,2.202346239675421202e+02,1.983959321134127762e-01,2.204330198996555339e+02
9.000000000000000000e+01,6.110557192546816623e+03,2.035802393313556422e+02,-2.509954713398619974e-01,2.033292438600157936e+02
9.000000000000000000e+01,6.148415922502797912e+03,1.878449582283183190e+02,-2.379306959664927446e-01,1.876070275323518217e+02
9.000000000000000000e+01,6.186274652458780110e+03,1.730117036581764296e+02,4.627025034639289380e-01,1.734744061616403599e+02
9.000000000000000000e+01,6.224133382414761400e+03,1.590604330676133031e+02,4.121494902134120730e-01,1.594725825578267120e+02
9.000000000000000000e+01,6.261992112370742689e+03,1.459684101406373884e+02,-2.787312859502438789e-01,1.456896788546871448e+02
9.000000000000000000e+01,6.299850842326724887e+03,1.337104935325680799e+02,1.290809406010061666e-01,1.338395744731690797e+02
9.000000000000000000e+01,6.337709572282706176e+03,1.222594371652965037e+02,1.719838661935807478e-01,1.224314210314900890e+02
9.000000000000000000e+01,6.375568302238687465e+03,1.115861968660660750e+02,-1.564628719729510564e-02,1.115705505788687759e+02
9.000000000000000000e+01,6.413427032194668755e+03,1.016602383998128971e+02,1.979762246172889206e-02,1.016800360222746207e+02
9.000000000000000000e+01,6.451285762150651863e+03,9.244984229981650969e+01,4.202592515728229561e-01,9.287010155138933953e+01
9.000000000000000000e+01,6.489144492106633152e+03,8.392240132594452007e+01,3.231297233730724416e-01,8.424553104931759151e+01
9.000000000000000000e+01,6.527003222062615350e+03,7.604470685657452123e+01,2.252838221604785973e-01,7.626999067873499882e+01
9.000000000000000000e+01,6.564861952018596639e+03,6.878322103227401385e+01,-4.030164639756022016e-01,6.838020456829841009e+01
9.000000000000000000e+01,6.602720681974577928e+03,6.210433200020020195e+01,-3.925677109631620088e-02,6.206507522910388275e+01
9.000000000000000000e+01,6.640579411930561037e+03,5.597459014298738111e+01,1.310503060203416226e-05,5.597460324801798492e+01
9.000000000000000000e+01,6.678438141886542326e+03,5.036092370111452965e+01,-4.981914408515032422e-01,4.986273226026302297e+01
9.000000000000000000e+01,6.716296871842524524e+03,4.523083270185793481e+01,3.439681310956776983e-02,4.526522951496750125e+01
9.000000000000000000e+01,6.754155601798505813e+03,4.055256058125064555e+01,-2.301034813244967614e-01,4.032245709992614735e+01
9.000000000000000000e+01,6.792014331754487102e+03,3.629524332030325695e+01,1.870427975641055784e-01,3.648228611786736053e+01
9.000000000000000000e+01,6.829873061710469301e+03,3.242903630738840093e+01,-4.824889403628564999e-01,3.194654736702554487e+01
9.000000000000000000e+01,6.867731791666450590e+03,2.892521948143678401e+01,-2.195411612162511128e-01,2.870567832022053167e+01
9.000000000000000000e+01,6.905590521622431879e+03,2.575628160322389704e+01,-1.164734572584524841e-02,2.574463425749805268e+01
9.000000000000000000e+01,6.943449251578413168e+03,2.289598474417238094e+01,8.526820186921679756e-02,2.298125294604159663e+01
9.000000000000000000e+01,6.981307981534395367e+03,2.031941027457395421e+01,-2.945892555860433193e-01,2.002482101898791100e+01
9.000000000000000000e+01,7.019166711490376656e+03,1.800298777799184791e+01,-2.800229093231879629e-01,1.772296486866866161e+01
9.000000000000000000e+01,7.057025441446359764e+03,1.592450841874887146e+01,-3.811736402125118772e-01,1.554333477853635870e+01
9.000000000000000000e+01,7.094884171402341053e+03,1.406312434861928296e+01,-3.676816388760999477e-01,1.369544270974318323e+01
9.000000000000000000e+01,7.132742901358322342e+03,1.239933576116783343e+01,4.492329566227880600e-01,1.284856871779062182e+01
9.000000000000000000e+01,7.170601631314304541e+03,1.091496719221930789e+01,-2.205190378631027848e-01,1.069444815435620555e+01
9.000000000000000000e+01,7.208460361270285830e+03,9.593134627275446746e+00,3.245382518811640304e-01,9.917672879156610222e+00
9.000000000000000000e+01,7.246319091226268938e+03,8.418204915985938896e+00,-1.045011495701417825e-01,8.313703766415796892e+00
9.000000000000000000e+01,7.284177821182250227e+03,7.375748914536444545e+00,-5.474177747346375966e-02,7.321007137062981229e+00
9.000000000000000000e+01,7.322036551138231516e+03,6.452489683294686529e+00,2.556520622745700466e-01,6.708141745569256464e+00
9.000000000000000000e+01,7.359895281094213715e+03,5.636246963267694809e+00,4.308422824728269651e-01,6.067089245740521442e+00
9.000000000000000000e+01,7.397754011050195004e+03,4.915879044435712331e+00,2.035191993688748591e-01,5.119398243804587523e+00
9.000000000000000000e+01,7.435612741006176293e+03,4.281223025078574551e+00,4.063794320084834766e-02,4.321860968279422899e+00
9.000000000000000000e+01,7.473471470962158492e+03,3.723034346589059851e+00,2.503325708464348986e-01,3.973366917435494639e+00
9.000000000000000000e+01,7.511330200918139781e+03,3.232926375321852674e+00,1.832503594713685846e-01,3.416176734793221037e+00
9.000000000000000000e+01,7.549188930874121070e+03,2.803310693743256365e+00,4.163470067042095435e-01,3.219657700447466020e+00
9.000000000000000000e+01,7.587047660830102359e+03,2.427338659058122516e+00,2.226830313775580716e-01,2.650021690435680810e+00
9.000000000000000000e+01,7.624906390786084557e+03,2.098844689822712439e+00,2.857508828883453811e-01,2.384595572711057709e+00
9.000000000000000000e+01,7.662765120742067666e+03,1.812291650633760298e+00,-2.654080002570005092e-01,1.546883650376759789e+00
9.000000000000000000e+01,7.700623850698048955e+03,1.562718622405000701e+00,-2.444835997105199166e-02,1.538270262433948599e+00
9.000000000000000000e+01,7.738482580654030244e+03,1.345691271283676826e+00,-4.359436705281083402e-02,1.302096904230865881e+00
1.200000000000000000e+02,4.541637172672937595e+03,1.489368571498237543e+03,-1.333487237206334441e-01,1.489235222774516842e+03
1.200000000000000000e+02,4.585592146177446921e+03,1.446343569651940015e+03,1.147877525964324796e-01,1.446458357404536400e+03
1.200000000000000000e+02,4.629547119681956246e+03,1.403408359688581186e+03,4.815043036301560608e-01,1.403889863992211303e+03
1.200000000000000000e+02,4.673502093186464663e+03,1.360580969901743629e+03,3.512008172188401112e-01,1.360932170718962425e+03
1.200000000000000000e+02,4.717457066690974898e+03,1.317881947889428375e+03,4.287779927540518177e-01,1.318310725882182396e+03
1.200000000000000000e+02,4.761412040195484224e+03,1.275334491835234985e+03,-2.019887892636138549e-01,1.275132503045971362e+03
1.200000000000000000e+02,4.805367013699993549e+03,1.232964548917776483e+03,7.270295820792060937e-02,1.233037251875984339e+03
1.200000000000000000e+02,4.849321987204502875e+03,1.190800874512140581e+03,-4.665406824636924021e-01,1.190334333829676780e+03
1.200000000000000000e+02,4.893276960709012201e+03,1.148875046454952098e+03,1.039154404809088383e-01,1.148978961895433031e+03
1.200000000000000000e+02,4.937231934213522436e+03,1.107221429512772374e+03,2.978637959784059541e-01,1.107519293308750775e+03
1.200000000000000000e+02,4.981186907718031762e+03,1.065877086300725750e+03,-6.136606025805202425e-02,1.065815720240467726e+03
1.200000000000000000e+02,5.025141881222541087e+03,1.024881632210209318e+03,-9.717061775414159719e-02,1.024784461592455273e+03
1.200000000000000000e+02,5.069096854727050413e+03,9.842770333767457487e+02,9.771783676158829479e-03,9.842868051604218635e+02
1.200000000000000000e+02,5.113051828231558829e+03,9.441073482973761202e+02,-9.261431354920512948e-02,9.440147339838268863e+02
1.200000000000000000e+02,5.157006801736068155e+03,9.044184153319538382e+02,-7.049630148829455489e-02,9.043479190304655049e+02
1.200000000000000000e+02,5.200961775240577481e+03,8.652574899313412971e+02,1.805219187305454609e-01,8.654380118500718027e+02
1.200000000000000000e+02,5.244916748745087716e+03,8.266728369650327295e+02,4.334226362946255184e-01,8.271062596013273378e+02
1.200000000000000000e+02,5.288871722249597042e+03,7.887132849117497244e+02,4.697053214441830882e-01,7.891829902331938911e+02
1.200000000000000000e+02,5.332826695754106368e+03,7.514277498757282956e+02,3.037876933915940603e-01,7.517315375691198369e+02
1.200000000000000000e+02,5.376781669258615693e+03,7.148647383537299902e+02,-1.424845209496544696e-01,7.147222538327803250e+02
1.200000000000000000e+02,5.420736642763125019e+03,6.790718383692492353e+02,3.995831841121422201e-01,6.794714215533613242e+02
1.200000000000000000e+02,5.464691616267635254e+03,6.440952089883148801e+02,7.409115280103883983e-02,6.441693001411159685e+02
1.200000000000000000e+02,5.508646589772143670e+03,6.099790783256712530e+02,-7.448660277644769678e-02,6.099045917228947928e+02
1.200000000000000000e+02,5.552601563276653906e+03,5.767652599434886724e+02,-3.776958071627622981e-01,5.763875641363258637e+02
1.200000000000000000e+02,5.596556536781162322e+03,5.444926970513561173e+02,2.125574836905596010e-01,5.447052545350467199e+02
1.200000000000000000e+02,5.640511510285671648e+03,5.131970431607687715e+02,-3.643319327414381581e-01,5.128327112280272786e+02
1.200000000000000000e+02,5.684466483790180973e+03,4.829102868639347435e+02,-2.651852182674641067e-02,4.828837683421079987e+02
1.200000000000000000e+02,5.728421457294690299e+03,4.536604272359672905e+02,2.129424636296568529e-01,4.538733696995969353e+02
1.200000000000000000e+02,5.772376430799200534e+03,4.254712050474440730e+02,-4.181986715711456526e-01,4.250530063758729398e+02
1.200000000000000000e+02,5.816331404303709860e+03,3.983618935694098582e+02,3.880563108340251421e-02,3.984006992004932499e+02
1.200000000000000000e+02,5.860286377808219186e+03,3.723471513039685306e+02,-8.693771909957337396e-02,3.722602135848689500e+02
1.200000000000000000e+02,5.904241351312728511e+03,3.474369375283808949e+02,4.313344977888849963e-01,3.478682720261697909e+02
1.200000000000000000e+02,5.948196324817237837e+03,3.236364901429742531e+02,3.959941097563429713e-01,3.240324842527305691e+02
1.200000000000000000e+02,5.992151298321748072e+03,3.009463640028529881e+02,-6.581314021980488871e-02,3.008805508626331857e+02
1.200000000000000000e+02,6.036106271826256489e+03,2.793625267235693173e+02,3.370770813386180231e-01,2.796996038049079516e+02
1.200000000000000000e+02,6.080061245330765814e+03,2.588765079086360856e+02,-3.986088653130868131e-01,2.584778990433230206e+02
1.200000000000000000e+02,6.124016218835275140e+03,2.394755968715494419e+02,2.342083981512549373e-01,2.397098052697006949e+02
1.200000000000000000e+02,6.167971192339784466e+03,2.211430832293935964e+02,6.519548203208502812e-02,2.212082787114256917e+02
1.200000000000000000e+02,6.211926165844294701e+03,2.038585342347082587e+02,1.356623613648639814e-01,2.039941965960731238e+02
1.200000000000000000e+02,6.255881139348803117e+03,1.875981023861331778e+02,1.808836066790918684e-01,1.877789859928122667e+02
1.200000000000000000e+02,6.299836112853313352e+03,1.723348567097482373e+02,-2.902973882977233355e-02,1.723058269709184742e+02
1.200000000000000000e+02,6.343791086357821769e+03,1.580391311203400164e+02,-2.918211697383386038e-01,1.577473099506016752e+02
1.200000000000000000e+02,6.387746059862332004e+03,1.446788834394185415e+02,4.207715446558847328e-01,1.450996549840744194e+02
1.200000000000000000e+02,6.431701033366842239e+03,1.322200589460915126e+02,4.444361174364785949e-01,1.326644950635279940e+02
1.200000000000000000e+02,6.475656006871350655e+03,1.206269527471431502e+02,4.267148290162993129e-01,1.210536675761594552e+02
1.200000000000000000e+02,6.519610980375859981e+03,1.098625657521547510e+02,2.824364758266821873e-01,1.101450022279814362e+02
1.200000000000000000e+02,6.563565953880369307e+03,9.988894960622360486e+01,-9.129025273342017410e-02,9.979765935349018946e+01
1.200000000000000000e+02,6.607520927384878632e+03,9.066753654531817119e+01,7.447554691775815083e-02,9.074201209223592457e+01
1.200000000000000000e+02,6.651475900889388868e+03,8.215945077719334222e+01,1.308712707210436532e-01,8.229032204791438687e+01
1.200000000000000000e+02,6.695430874393897284e+03,7.432579863550199661e+01,-4.820568461277876526e-01,7.384374178937420652e+01
1.200000000000000000e+02,6.739385847898405700e+03,6.712793538959067519e+01,2.259488411833425747e-01,6.735388423077401399e+01
1.200000000000000000e+02,6.783340821402915935e+03,6.052770720322098441e+01,-8.294285048827720885e-02,6.044476435273270454e+01
1.200000000000000000e+02,6.827295794907426171e+03,5.448766731025818899e+01,-3.216999244205135389e-01,5.416596738583767490e+01
1.200000000000000000e+02,6.871250768411934587e+03,4.897126600482033609e+01,6.518161195207883285e-02,4.903644761677241348e+01
1.200000000000000000e+02,6.915205741916444822e+03,4.394301452063018587e+01,-3.216583208323805509e-01,4.362135619979780188e+01
1.200000000000000000e+02,6.959160715420953238e+03,3.936862329463428978e+01,3.435276483464173580e-01,3.971215094298070625e+01
1.200000000000000000e+02,7.003115688925463473e+03,3.521511547093928129e+01,-3.808901081442978009e-01,3.483422536279498161e+01
1.200000000000000000e+02,7.047070662429972799e+03,3.145091680207497120e+01,4.321886918363281316e-01,3.188310549391129811e+01
1.200000000000000000e+02,7.091025635934482125e+03,2.804592334657309038e+01,-4.555496265424129332e-01,2.759037372003067645e+01
1.200000000000000000e+02,7.134980609438991451e+03,2.497154854724203688e+01,-3.621817487150555959e-01,2.460936679852698106e+01
1.200000000000000000e+02,7.178935582943499867e+03,2.220075140677738545e+01,2.637130939241861816e-01,2.246446450070157042e+01
1.200000000000000000e+02,7.222890556448010102e+03,1.970804756079547815e+01,-4.172801446488596522e-01,1.929076741614661827e+01
1.200000000000000000e+02,7.266845529952520337e+03,1.746950508792252776e+01,3.814414808046718841e-01,1.785094656872719909e+01
1.200000000000000000e+02,7.310800503457028753e+03,1.546272689746183460e+01,3.991640689378060936e-01,1.586189096639964013e+01
1.200000000000000000e+02,7.354755476961538989e+03,1.366682150279689267e+01,7.496098000963047348e-02,1.374178248280652248e+01
1.200000000000000000e+02,7.398710450466047405e+03,1.206236392852665062e+01,-4.612804756040741472e-01,1.160108345292257681e+01
1.200000000000000000e+02,7.442665423970557640e+03,1.063134841656398066e+01,-2.022919242057761302e-01,1.042905649235820498e+01
1.200000000000000000e+02,7.486620397475066966e+03,9.357134496069988927e+00,1.844329890116934711e-01,9.541567485081682065e+00
1.200000000000000000e+02,7.530575370979576292e+03,8.224387868786607214e+00,-1.132708922153393694e-01,8.111116976571267401e+00
1.200000000000000000e+02,7.574530344484084708e+03,7.219017439210347220e+00,-3.332820358878131328e-01,6.885735403322533976e+00
1.200000000000000000e+02,7.618485317988594034e+03,6.328109691945513759e+00,4.355202745486400628e-01,6.763629966494153933e+00
1.200000000000000000e+02,7.662440291493104269e+03,5.539861489673995720e+00,-4.104528253052119879e-01,5.129408664368783732e+00
1.200000000000000000e+02,7.706395264997614504e+03,4.843512237308203794e+00,-4.677845332751914276e-01,4.375727704033012699e+00
1.200000000000000000e+02,7.750350238502122920e+03,4.229276233355562908e+00,1.913059121187887790e-01,4.420582145474352131e+00
1.200000000000000000e+02,7.794305212006631336e+03,3.688275910156733062e+00,-3.930625976366690644e-01,3.295213312520063997e+00
1.200000000000000000e+02,7.838260185511141572e+03,3.212476551947858638e+00,-7.143076326415087607e-03,3.205333475621443551e+00
1.200000000000000000e+02,7.882215159015651807e+03,2.794622974658622638e+00,3.440067481583550801e-01,3.138629722816977718e+00
1.200000000000000000e+02,7.926170132520161133e+03,2.428178554753394280e+00,-4.366987809102697016e-01,1.991479773843124690e+00
1.200000000000000000e+02,7.970125106024670458e+03,2.107266906645520521e+00,-4.290372731427412045e-01,1.678229633502779317e+00
1.200000000000000000e+02,8.014080079529178875e+03,1.826616429449387624e+00,4.127295943712805393e-01,2.239346023820668385e+00
1.200000000000000000e+02,8.058035053033688200e+03,1.581507874024190130e+00,-1.416304821171542327e-01,1.439877391907035786e+00
1.800000000000000000e+02,4.275772529692831995e+03,1.764928845837087465e+03,-2.308480257604965669e-01,1.764697997811327014e+03
1.800000000000000000e+02,4.330196831900384495e+03,1.712024710528460673e+03,9.014130139803921971e-02,1.712114851829858708e+03
1.800000000000000000e+02,4.384621134107936996e+03,1.659244225569820628e+03,-6.391149038763899171e-02,1.659180314079432947e+03
1.800000000000000000e+02,4.439045436315489496e+03,1.606613463593480446e+03,3.776895805417392893e-01,1.606991153174022202e+03
1.800000000000000000e+02,4.493469738523042906e+03,1.554162172948817897e+03,1.993900354336419767e-01,1.554361562984251577e+03
1.800000000000000000e+02,4.547894040730594497e+03,1.501923922878177109e+03,-4.450903823947709448e-01,1.501478832495782399e+03
1.800000000000000000e+02,4.602318342938147907e+03,1.449936186263603304e+03,2.580101452774445914e-01,1.450194196408880771e+03
1.800000000000000000e+02,4.656742645145700408e+03,1.398240351092663332e+03,1.344750515815366088e-01,1.398374826144244935e+03
1.800000000000000000e+02,4.711166947353251999e+03,1.346881653541475316e+03,8.813926257663917685e-02,1.346969792804051849e+03
1.800000000000000000e+02,4.765591249560805409e+03,1.295909027713979413e+03,7.506180392350336739e-02,1.295984089517902930e+03
1.800000000000000000e+02,4.820015551768357909e+03,1.245374869520498578e+03,1.991269426136965670e-02,1.245394782214759971e+03
1.800000000000000000e+02,4.874439853975910410e+03,1.195334714821297894e+03,6.293674372565616348e-02,1.195397651565023580e+03
1.800000000000000000e+02,4.928864156183462910e+03,1.145846834686367401e+03,-3.185938933035131759e-01,1.145528240793063787e+03
1.800000000000000000e+02,4.983288458391016320e+03,1.096971753311257999e+03,-3.687107017786495078e-01,1.096603042609479417e+03
1.800000000000000000e+02,5.037712760598568821e+03,1.048771696663523471e+03,3.767432250900909496e-01,1.049148439888613666e+03
1.800000000000000000e+02,5.092137062806120412e+03,1.001309982207640132e+03,-1.847215586726125292e-02,1.001291510051772889e+03
1.800000000000000000e+02,5.146561365013673822e+03,9.546503619752329541e+02,-4.219534036635286256e-02,9.546081666348666204e+02
1.800000000000000000e+02,5.200985667221226322e+03,9.088563327384863442e+02,-4.823381896815266412e-01,9.083739945488048306e+02
1.800000000000000000e+02,5.255409969428778822e+03,8.639904280563487191e+02,-1.861271577855385662e-01,8.638043008985631559e+02
1.800000000000000000e+02,5.309834271636331323e+03,8.201135074679450554e+02,-2.105884175312892070e-01,8.199029190504137432e+02
1.800000000000000000e+02,5.364258573843884733e+03,7.772840581014706913e+02,4.279312596399337254e-01,7.777119893611106818e+02
1.800000000000000000e+02,5.418682876051436324e+03,7.355575234686311887e+02,-4.755202796730773063e-02,7.355099714406638896e+02
1.800000000000000000e+02,5.473107178258988824e+03,6.949856732630496481e+02,-4.058140184503664649e-01,6.945798592445993336e+02
1.800000000000000000e+02,5.527531480466542234e+03,6.556160266318602226e+02,1.268675595925603528e-01,6.557428941914528195e+02
1.800000000000000000e+02,5.581955782674094735e+03,6.174913397113900828e+02,2.395292044154072597e-01,6.177308689158054449e+02
1.800000000000000000e+02,5.636380084881647235e+03,5.806491662881985576e+02,4.510980308678702588e-02,5.806942760912853601e+02
1.800000000000000000e+02,5.690804387089199736e+03,5.451214983474419569e+02,-1.512044173673744440e-01,5.449702939300746038e+02
1.800000000000000000e+02,5.745228689296752236e+03,5.109344910843128673e+02,-2.436810998438343479e-01,5.106908099844690128e+02
1.800000000000000000e+02,5.799652991504304737e+03,4.781082747603304597e+02,-4.525786273724662356e-01,4.776556961329579849e+02
1.800000000000000000e+02,5.854077293711857237e+03,4.466568536575450707e+02,6.405948396384819610e-02,4.467209131415089018e+02
1.800000000000000000e+02,5.908501595919410647e+03,4.165880903844786189e+02,1.207581591793701614e-01,4.167088485436580072e+02
1.800000000000000000e+02,5.962925898126963148e+03,3.879037719714283412e+02,4.897282000353210263e-01,3.883935001714636428e+02
1.800000000000000000e+02,6.017350200334515648e+03,3.605997526016367374e+02,2.533616044436397541e-01,3.608531142060803631e+02
1.800000000000000000e+02,6.071774502542068149e+03,3.346661664885309619e+02,-1.748191273367444287e-01,3.344913473611942436e+02
1.800000000000000000e+02,6.126198804749620649e+03,3.100877033457504695e+02,3.936303427173681868e-02,3.101270663800221996e+02
1.800000000000000000e+02,6.180623106957174059e+03,2.868439381125331238e+02,4.772845507263633325e-01,2.873212226632595048e+02
1.800000000000000000e+02,6.235047409164725650e+03,2.649097060887684165e+02,-2.197337926052030932e-01,2.646899722961632051e+02
1.800000000000000000e+02,6.289471711372278151e+03,2.442555143890285763e+02,3.526273248730951160e-01,2.446081417139016594e+02
1.800000000000000000e+02,6.343896013579831560e+03,2.248479806235923206e+02,2.517956133396381802e-02,2.248731601849262915e+02
1.800000000000000000e+02,6.398320315787384970e+03,2.066502899313536545e+02,2.198235443093011776e-01,2.068701134756629472e+02
1.800000000000000000e+02,6.452744617994936561e+03,1.896226618952409808e+02,-1.807373625260975114e-01,1.894419245327148928e+02
1.800000000000000000e+02,6.507168920202489062e+03,1.737228194334668387e+02,-7.892384842257693656e-02,1.736438955850442483e+02
1.800000000000000000e+02,6.561593222410042472e+03,1.589064524468369655e+02,-1.659487648506519086e-02,1.588898575703518929e+02
1.800000000000000000e+02,6.616017524617594063e+03,1.451276697808268636e+02,-2.692759780271837267e-01,1.448583938027996680e+02
1.800000000000000000e+02,6.670441826825146563e+03,1.323394339001386015e+02,4.165387199669555729e-01,1.327559726201055526e+02
1.800000000000000000e+02,6.724866129032699973e+03,1.204939735439859305e+02,-1.727762267790745598e-01,1.203211973172068525e+02
1.800000000000000000e+02,6.779290431240252474e+03,1.095431705063147092e+02,-2.342881398517905334e-01,1.093088823664629246e+02
1.800000000000000000e+02,6.833714733447804065e+03,9.943891754393916926e+01,1.825138295716577375e-01,9.962143137351083055e+01
1.800000000000000000e+02,6.888139035655357475e+03,9.013344523790760832e+01,2.620004290608947128e-01,9.039544566696849870e+01
1.800000000000000000e+02,6.942563337862910885e+03,8.157961640380153767e+01,1.879514793202807788e-01,8.176756788312181357e+01
1.800000000000000000e+02,6.996987640070462476e+03,7.373118735336561258e+01,-4.592568899040492258e-01,7.327193046346155825e+01
1.800000000000000000e+02,7.051411942278014976e+03,6.654303594424618495e+01,3.007111685883714358e-01,6.684374711283456350e+01
1.800000000000000000e+02,7.105836244485568386e+03,5.997135691150845105e+01,-1.330604282870766486e-01,5.983829648322137729e+01
1.800000000000000000e+02,7.160260546693120887e+03,5.397382545156472133e+01,4.670317614002769124e-01,5.444085721296499969e+01
1.800000000000000000e+02,7.214684848900672478e+03,4.850973042612656627e+01,3.627836317340086270e-01,4.887251405786057745e+01
1.800000000000000000e+02,7.269109151108225888e+03,4.354007887303362168e+01,2.055313600447057354e-01,4.374561023307832386e+01
1.800000000000000000e+02,7.323533453315777479e+03,3.902767375596079091e+01,2.997982414556265018e-01,3.932747199741641708e+01
1.800000000000000000e+02,7.377957755523329979e+03,3.493716706133830030e+01,-1.911019032538314733e-01,3.474606515808446972e+01
1.800000000000000000e+02,7.432382057730883389e+03,3.123509046422162783e+01,-3.913980493798079330e-01,3.084369241484181856e+01
1.800000000000000000e+02,7.486806359938436799e+03,2.788986584216809206e+01,-1.766869926463010554e-01,2.771317884952179256e+01
1.800000000000000000e+02,7.541230662145989299e+03,2.487179792429560621e+01,-3.797172816993809041e-01,2.449208064259622475e+01
1.800000000000000000e+02,7.595654964353542709e+03,2.215305132883594297e+01,7.830640033806479661e-02,2.223135772917400743e+01
1.800000000000000000e+02,7.650079266561094300e+03,1.970761417355930689e+01,2.805192715383270086e-01,1.998813344509763468e+01
1.800000000000000000e+02,7.704503568768646801e+03,1.751125034617678011e+01,-3.198779604000814292e-01,1.719137238577669891e+01
1.800000000000000000e+02,7.758927870976198392e+03,1.554144240252190912e+01,7.504461325647870940e-02,1.561648701577838771e+01
1.800000000000000000e+02,7.813352173183751802e+03,1.377732692469336939e+01,3.982949942478782868e-01,1.417562191894124801e+01
1.800000000000000000e+02,7.867776475391304302e+03,1.219962402468161144e+01,2.887329768624145032e-01,1.248835700154402595e+01
1.800000000000000000e+02,7.922200777598857712e+03,1.079056252584641129e+01,-2.137959270390004107e-01,1.057676659880740999e+01
1.800000000000000000e+02,7.976625079806411122e+03,9.533802198974910880e+00,1.944241893242076857e-01,9.728226388299118454e+00
1.800000000000000000e+02,8.031049382013962713e+03,8.414354274884459528e+00,-3.362170528344742282e-01,8.078137222049985411e+00
1.800000000000000000e+02,8.085473684221515214e+03,7.418501304450671796e+00,2.851871852821951103e-01,7.703688489732867239e+00
1.800000000000000000e+02,8.139897986429066805e+03,6.533717291759813861e+00,4.529490583377032697e-01,6.986666350097516798e+00
1.800000000000000000e+02,8.194322288636620215e+03,5.748588888546279918e+00,-3.329098067276314854e-02,5.715297907873516436e+00
1.800000000000000000e+02,8.248746590844173625e+03,5.052738309469390288e+00,-1.354171890591305827e-01,4.917321120410259816e+00
1.800000000000000000e+02,8.303170893051725216e+03,4.436748508957151671e+00,-3.767035447513986668e-01,4.060044964205753004e+00
1.800000000000000000e+02,8.357595195259278626e+03,3.892091051840580462e+00,-1.866754950174692729e-01,3.705415556823111078e+00
1.800000000000000000e+02,8.412019497466830217e+03,3.411057012028592794e+00,2.889383327299861470e-01,3.699995344758578941e+00
1.800000000000000000e+02,8.466443799674383627e+03,2.986691145994072372e+00,-3.762404640061621786e-01,2.610450681987910304e+00
1.800000000000000000e+02,8.520868101881935218e+03,2.612729510639155706e+00,2.864754103729744150e-01,2.899204921012130232e+00
1.800000000000000000e+02,8.575292404089488628e+03,2.283540627759037989e+00,-2.264528280382220871e-01,2.057087799720815902e+00
1.800000000000000000e+02,8.629716706297042037e+03,1.994070239333744610e+00,-4.320615340183823205e-01,1.562008705315362178e+00
2.400000000000000000e+02,4.066389066287289097e+03,1.981853471501752210e+03,-1.820615789134863993e-01,1.981671409922838620e+03
2.400000000000000000e+02,4.129921207625446186e+03,1.920520785319251900e+03,1.467063679024369627e-01,1.920667491687154325e+03
2.400000000000000000e+02,4.193453348963604185e+03,1.859346043137965353e+03,-3.596942347319813660e-01,1.858986348903233420e+03
2.400000000000000000e+02,4.256985490301761274e+03,1.798363954419335641e+03,-3.855049491951556551e-01,1.797978449470140504e+03
2.400000000000000000e+02,4.320517631639918363e+03,1.737614141826878040e+03,-2.584813340053494501e-01,1.737355660492872630e+03
2.400000000000000000e+02,4.384049772978075453e+03,1.677141272140217552e+03,1.980834749862120381e-01,1.677339355615203658e+03
2.400000000000000000e+02,4.447581914316233451e+03,1.616995085968344029e+03,-4.050835233114977729e-01,1.616590002445032496e+03
2.400000000000000000e+02,4.511114055654390540e+03,1.557230315964152396e+03,-4.363404712408132102e-01,1.556793975492911613e+03
2.400000000000000000e+02,4.574646196992547630e+03,1.497906486777861574e+03,-2.706220047895980807e-01,1.497635864773071944e+03
2.400000000000000000e+02,4.638178338330705628e+03,1.439087593955310695e+03,-7.422903665493796321e-02,1.439013364918655725e+03
2.400000000000000000e+02,4.701710479668862718e+03,1.380841663189197789e+03,2.265064283704192327e-01,1.381068169617568174e+03
2.400000000000000000e+02,4.765242621007019807e+03,1.323240195557722473e+03,-1.278261634112880518e-01,1.323112369394311145e+03
2.400000000000000000e+02,4.828774762345177805e+03,1.266357508429189693e+03,4.274914561965698079e-01,1.266784999885386242e+03
2.400000000000000000e+02,4.892306903683334895e+03,1.210269985382496088e+03,3.282434515125279839e-01,1.210598228834008523e+03
2.400000000000000000e+02,4.955839045021491984e+03,1.155055251628483347e+03,-1.450806508361855984e-01,1.154910170977647113e+03
2.400000000000000000e+02,5.019371186359649982e+03,1.100791293887039501e+03,4.746784190137494086e-01,1.101265972306053300e+03
2.400000000000000000e+02,5.082903327697807072e+03,1.047555545391618580e+03,4.098887816836652709e-01,1.047965434173302356e+03
2.400000000000000000e+02,5.146435469035964161e+03,9.954239576104928346e+02,-3.017406692022659431e-01,9.951222169412906169e+02
2.400000000000000000e+02,5.209967610374121250e+03,9.444700803891282703e+02,2.769270984791507573e-01,9.447470074876074477e+02
2.400000000000000000e+02,5.273499751712279249e+03,8.947641715652844141e+02,1.482667111788305014e-01,8.949124382764632628e+02
2.400000000000000000e+02,5.337031893050436338e+03,8.463723557568191609e+02,1.689018911948458879e-01,8.465412576480140388e+02
2.400000000000000000e+02,5.400564034388593427e+03,7.993558500670433205e+02,3.259913314074630586e-01,7.996818413984507288e+02
2.400000000000000000e+02,5.464096175726751426e+03,7.537702720094184770e+02,4.629524195333809544e-01,7.542332244289518712e+02
2.400000000000000000e+02,5.527628317064908515e+03,7.096650421492568057e+02,-6.663714033712797580e-02,7.095984050089197126e+02
2.400000000000000000e+02,5.591160458403065604e+03,6.670828909265619586e+02,3.530656968759720016e-01,6.674359566234379599e+02
2.400000000000000000e+02,5.654692599741223603e+03,6.260594759902428450e+02,-1.543048910460487200e-02,6.260440455011382710e+02
2.400000000000000000e+02,5.718224741079380692e+03,5.866231132605480525e+02,3.063258690081627211e-01,5.869294391295562718e+02
2.400000000000000000e+02,5.781756882417537781e+03,5.487946219514979020e+02,-2.377029821007523580e-01,5.485569189693972021e+02
2.400000000000000000e+02,5.845289023755695780e+03,5.125872810202363326e+02,7.880400167113643661e-02,5.126660850219075201e+02
2.400000000000000000e+02,5.908821165093852869e+03,4.780068920384919693e+02,3.665778101066584638e-01,4.783734698485986314e+02
2.400000000000000000e+02,5.972353306432009958e+03,4.450519413567972151e+02,1.264048924020910736e-02,4.450645818460374130e+02
2.400000000000000000e+02,6.035885447770167957e+03,4.137138526893327253e+02,7.704504995279815027e-02,4.137908977392855263e+02
2.400000000000000000e+02,6.099417589108325046e+03,3.839773199027385999e+02,-2.875551152869521010e-01,3.836897647874516224e+02
2.400000000000000000e+02,6.162949730446482135e+03,3.558207088458912040e+02,-2.417170428582403607e-01,3.555789918030329773e+02
2.400000000000000000e+02,6.226481871784640134e+03,3.292165164953780732e+02,-1.212867546350107073e-01,3.290952297407430365e+02
2.400000000000000000e+02,6.290014013122797223e+03,3.041318754871281271e+02,-8.346267991257960706e-02,3.040484128072155272e+02
2.400000000000000000e+02,6.353546154460954313e+03,2.805290922234589743e+02,-3.542604300501079884e-01,2.801748317934088846e+02
2.400000000000000000e+02,6.417078295799112311e+03,2.583662071452149576e+02,2.169123911825421303e-01,2.585831195363974757e+02
2.400000000000000000e+02,6.480610437137269400e+03,2.375975663954131960e+02,4.828767923717726118e-01,2.380804431877849652e+02
2.400000000000000000e+02,6.544142578475426490e+03,2.181743949268220604e+02,4.971963389029093738e-01,2.186715912657249703e+02
2.400000000000000000e+02,6.607674719813584488e+03,2.000453620745765875e+02,-3.508658565528020024e-01,1.996944962180237724e+02
2.400000000000000000e+02,6.671206861151741577e+03,1.831571316815702630e+02,3.838003563444233324e-01,1.835409320379147005e+02
2.400000000000000000e+02,6.734739002489898667e+03,1.674548899874091603e+02,-4.603837608262701941e-01,1.669945062265828994e+02
2.400000000000000000e+02,6.798271143828056665e+03,1.528828456340265802e+02,4.925341657405809537e-01,1.533753797997671597e+02
2.400000000000000000e+02,6.861803285166212845e+03,1.393846972700462175e+02,-4.472355646646269944e-01,1.389374617053815939e+02
2.400000000000000000e+02,6.925335426504370844e+03,1.269040653244419445e+02,-1.009188107105360999e-01,1.268031465137314058e+02
2.400000000000000000e+02,6.988867567842528842e+03,1.153848855458454636e+02,4.920339533874688032e-01,1.158769194992329261e+02
2.400000000000000000e+02,7.052399709180685932e+03,1.047717628500997762e+02,2.277603944081530996e-01,1.049995232445079267e+02
2.400000000000000000e+02,7.115931850518843021e+03,9.501028487317080362e+01,1.566594658175058941e-01,9.516694433898831562e+01
2.400000000000000000e+02,7.179463991857001020e+03,8.604729538171341119e+01,4.112106932905124079e-01,8.645850607500392471e+01
2.400000000000000000e+02,7.242996133195157199e+03,7.783112834556573034e+01,-3.096739906498894301e-01,7.752145435491584635e+01
2.400000000000000000e+02,7.306528274533315198e+03,7.031180402497614068e+01,2.477037756197336682e-01,7.055950780059588112e+01
2.400000000000000000e+02,7.370060415871473197e+03,6.344118887277625163e+01,2.629402858814217092e-01,6.370412915865767189e+01
2.400000000000000000e+02,7.433592557209630286e+03,5.717312140286628619e+01,3.784985016777085987e-01,5.755161990454399756e+01
2.400000000000000000e+02,7.497124698547787375e+03,5.146350643767766542e+01,3.623563362030476354e-01,5.182586277388071494e+01
2.400000000000000000e+02,7.560656839885943555e+03,4.627038032648385979e+01,-5.883876385765662853e-02,4.621154156262620205e+01
2.400000000000000000e+02,7.624188981224101553e+03,4.155394983213636806e+01,-4.388184029869258707e-01,4.111513142914944297e+01
2.400000000000000000e+02,7.687721122562259552e+03,3.727660742493219459e+01,1.798097298585212833e-01,3.745641715479071365e+01
2.400000000000000000e+02,7.751253263900417551e+03,3.340292570807378070e+01,-1.634315689703397245e-01,3.323949413910344219e+01
2.400000000000000000e+02,7.814785405238574640e+03,2.989963363836892540e+01,3.399411502518545625e-02,2.993362775339410931e+01
2.400000000000000000e+02,7.878317546576731729e+03,2.673557710706933221e+01,-2.775823029755671856e-01,2.645799480409376514e+01
2.400000000000000000e+02,7.941849687914887909e+03,2.388166631710117827e+01,-2.963689178374867561e-01,2.358529739926369118e+01
2.400000000000000000e+02,8.005381829253045908e+03,2.131081224165382082e+01,-4.982245342484341588e-01,2.081258770740538822e+01
2.400000000000000000e+02,8.068913970591203906e+03,1.899785428186856961e+01,-2.330043464435284095e-01,1.876484993542504043e+01
2.400000000000000000e+02,8.132446111929361905e+03,1.691948106406684360e+01,-7.155660615887016185e-02,1.684792445790797188e+01
2.400000000000000000e+02,8.195978253267518085e+03,1.505414613460314399e+01,-2.517288053888069310e-01,1.480241732921433773e+01
2.400000000000000000e+02,8.259510394605675174e+03,1.338198012736665987e+01,1.891887527795332868e-02,1.340089900264461242e+01
2.400000000000000000e+02,8.323042535943832263e+03,1.188470079878732122e+01,2.784517391814069764e-01,1.216315253796872753e+01
2.400000000000000000e+02,8.386574677281989352e+03,1.054552215076569155e+01,-3.469396007312429697e-01,1.019858255003444825e+01
2.400000000000000000e+02,8.450106818620148260e+03,9.349063695570009713e+00,-4.209476363252584452e-01,8.928116059244750602e+00
2.400000000000000000e+02,8.513638959958305350e+03,8.281260760082744810e+00,1.930987504618397743e-03,8.283191747587363096e+00
2.400000000000000000e+02,8.577171101296462439e+03,7.329276581059318119e+00,-1.832185157864951730e-01,7.146058065272822724e+00
2.400000000000000000e+02,8.640703242634619528e+03,6.481416809016806724e+00,2.240319430291730640e-01,6.705448752045979788e+00
2.400000000000000000e+02,8.704235383972776617e+03,5.727046916430154511e+00,-3.721315771475002254e-01,5.354915339282654507e+00
2.400000000000000000e+02,8.767767525310933706e+03,5.056512896104976562e+00,-7.577792568384988936e-02,4.980734970421126562e+00
2.400000000000000000e+02,8.831299666649092615e+03,4.461065537789608015e+00,4.217672343644089938e-01,4.882832772154016787e+00
2.400000000000000000e+02,8.894831807987249704e+03,3.932788484872929757e+00,-3.903784497698653544e-01,3.542410035103064292e+00
2.400000000000000000e+02,8.958363949325406793e+03,3.464530197866515948e+00,1.638103492373034209e-01,3.628340547103819258e+00
2.400000000000000000e+02,9.021896090663563882e+03,3.049839886637883524e+00,1.331919864009893928e-01,3.183031873038872916e+00
2.400000000000000000e+02,9.085428232001720971e+03,2.682907418313469350e+00,-6.085213800286959351e-02,2.622055280310599645e+00
2.400000000000000000e+02,9.148960373339878061e+03,2.358507161626228310e+00,2.635089956920261267e-01,2.622016157318254326e+00
3.000000000000000000e+02,3.892334088821456589e+03,2.161744883454342016e+03,-4.537572275166915636e-01,2.161291126226825327e+03
3.000000000000000000e+02,3.964141927426094298e+03,2.092898196080005164e+03,-2.129320542011907680e-01,2.092685264025803917e+03
3.000000000000000000e+02,4.035949766030732917e+03,2.024244828996105753e+03,4.899753229348686734e-01,2.024734804319040677e+03
3.000000000000000000e+02,4.107757604635370626e+03,1.955828839534446615e+03,-3.775025921952865904e-01,1.955451336942251373e+03
3.000000000000000000e+02,4.179565443240008790e+03,1.887700524625679009e+03,5.444677242471440692e-02,1.887754971398103635e+03
3.000000000000000000e+02,4.251373281844646954e+03,1.819916504007682761e+03,2.128992175249263541e-01,1.820129403225207625e+03
3.000000000000000000e+02,4.323181120449285118e+03,1.752539653909347635e+03,3.760095450658514915e-01,1.752915663454413561e+03
3.000000000000000000e+02,4.394988959053922372e+03,1.685638881276555821e+03,2.250990283250984270e-01,1.685863980304880897e+03
3.000000000000000000e+02,4.466796797658560536e+03,1.619288734609726816e+03,-1.744763248752867479e-02,1.619271286977239242e+03
3.000000000000000000e+02,4.538604636263198699e+03,1.553568853782018778e+03,-3.059646443429772100e-01,1.553262889137675757e+03
3.000000000000000000e+02,4.610412474867836863e+03,1.488563267452022956e+03,3.117867103067106793e-02,1.488594446123053558e+03
3.000000000000000000e+02,4.682220313472475027e+03,1.424359552540050572e+03,9.373771843508216239e-02,1.424453290258485595e+03
3.000000000000000000e+02,4.754028152077112281e+03,1.361047875407182801e+03,-5.722914119226940599e-02,1.360990646265990563e+03
3.000000000000000000e+02,4.825835990681750445e+03,1.298719938622355585e+03,2.761340584433639167e-01,1.298996072680798989e+03
3.000000000000000000e+02,4.897643829286388609e+03,1.237467860353198375e+03,1.170381090271119806e-01,1.237584898462225510e+03
3.000000000000000000e+02,4.969451667891025863e+03,1.177383015372469345e+03,4.054805907422256439e-01,1.177788495963211517e+03
3.000000000000000000e+02,5.041259506495664937e+03,1.118554867407089205e+03,-3.574898657301706084e-01,1.118197377541358946e+03
3.000000000000000000e+02,5.113067345100302191e+03,1.061069822111438953e+03,4.904370522957934853e-02,1.061118865816668631e+03
3.000000000000000000e+02,5.184875183704940355e+03,1.005010128418581189e+03,3.926933300540772498e-01,1.005402821748635233e+03
3.000000000000000000e+02,5.256683022309578519e+03,9.504528535566200844e+02,-2.299680765725029552e-01,9.502228854800475801e+02
3.000000000000000000e+02,5.328490860914215773e+03,8.974689537890044448e+02,-2.450315849023712023e-01,8.972239222041021094e+02
3.000000000000000000e+02,5.400298699518854846e+03,8.461224591431614499e+02,5.473829010660047345e-02,8.461771974332680202e+02
3.000000000000000000e+02,5.472106538123492101e+03,7.964697862341017753e+02,-3.595855487911699955e-01,7.961102006853105877e+02
3.000000000000000000e+02,5.543914376728130264e+03,7.485591889655006526e+02,2.810038909350360825e-01,7.488401928564356922e+02
3.000000000000000000e+02,5.615722215332768428e+03,7.024303525839982285e+02,-3.391610132925263477e-01,7.020911915707057460e+02
3.000000000000000000e+02,5.687530053937405683e+03,6.581141324336781508e+02,-4.986591696438654742e-01,6.576154732640343354e+02
3.000000000000000000e+02,5.759337892542044756e+03,6.156324349421747684e+02,-2.333701138043099421e-01,6.153990648283704559e+02
3.000000000000000000e+02,5.831145731146682010e+03,5.749982349724614323e+02,1.269782543986595069e-01,5.751252132268600690e+02
3.000000000000000000e+02,5.902953569751320174e+03,5.362157207699856372e+02,-3.379524369247728366e-01,5.358777683330608852e+02
3.000000000000000000e+02,5.974761408355958338e+03,4.992805553692337526e+02,-2.500640034757344310e-01,4.990304913657579959e+02
3.000000000000000000e+02,6.046569246960595592e+03,4.641802415149309127e+02,-4.367168194092815314e-01,4.637435246955216144e+02
3.000000000000000000e+02,6.118377085565234665e+03,4.308945758957229373e+02,7.247459364978736662e-02,4.309670504893727525e+02
3.000000000000000000e+02,6.190184924169871920e+03,3.993961777564027216e+02,1.538579527985989293e-01,3.995500357092013246e+02
3.000000000000000000e+02,6.261992762774510084e+03,3.696510767069225949e+02,3.135690641221563491e-01,3.699646457710447294e+02
3.000000000000000000e+02,6.333800601379149157e+03,3.416193447293412646e+02,-3.077435487479922571e-01,3.413116011805932999e+02
3.000000000000000000e+02,6.405608439983786411e+03,3.152557579362583056e+02,-3.117888214788367973e-01,3.149439691147794633e+02
3.000000000000000000e+02,6.477416278588424575e+03,2.905104744910763657e+02,-5.649494357498330288e-02,2.904539795475013761e+02
3.000000000000000000e+02,6.549224117193061829e+03,2.673297161957486878e+02,-2.275908687959791177e-01,2.671021253269527165e+02
3.000000000000000000e+02,6.621031955797699993e+03,2.456564425211095113e+02,3.391305704859682857e-01,2.459955730915954746e+02
3.000000000000000000e+02,6.692839794402337247e+03,2.254310072384832893e+02,2.599143314562036844e-01,2.256909215699394906e+02
3.000000000000000000e+02,6.764647633006975411e+03,2.065917892540953744e+02,-3.109863081720856126e-01,2.062808029459232841e+02
3.000000000000000000e+02,6.836455471611614485e+03,1.890757907019051345e+02,-1.025650771413724183e-01,1.889732256247637565e+02
3.000000000000000000e+02,6.908263310216251739e+03,1.728191967747818580e+02,-3.211780749463176710e-01,1.724980186998355407e+02
3.000000000000000000e+02,6.980071148820889903e+03,1.577578931349298728e+02,2.340446764422585701e-01,1.579919378113721393e+02
3.000000000000000000e+02,7.051878987425528976e+03,1.438279380158694494e+02,-4.270167395926579568e-01,1.434009212762767902e+02
3.000000000000000000e+02,7.123686826030166230e+03,1.309659872906418059e+02,4.365720792894883795e-01,1.314025593699312822e+02
3.000000000000000000e+02,7.195494664634804394e+03,1.191096718212245378e+02,1.744270635253970525e-01,1.192840988847499375e+02
3.000000000000000000e+02,7.267302503239441648e+03,1.081979273150138852e+02,4.225000271002159469e-01,1.086204273421140982e+02
3.000000000000000000e+02,7.339110341844079812e+03,9.817127769304045160e+01,-1.450038633703712998e-01,9.802627382967007463e+01
3.000000000000000000e+02,7.410918180448717067e+03,8.897207362305414335e+01,-9.974033243406621452e-02,8.887233329062007670e+01
3.000000000000000000e+02,7.482726019053355230e+03,8.054468839345486231e+01,5.734481838585159252e-02,8.060203321184071967e+01
3.000000000000000000e+02,7.554533857657994304e+03,7.283567370884759384e+01,7.935590648333146202e-02,7.291502961533092275e+01
3.000000000000000000e+02,7.626341696262631558e+03,6.579387828390986215e+01,3.172465116181099054e-01,6.611112479552797083e+01
3.000000000000000000e+02,7.698149534867270631e+03,5.937053231004631471e+01,4.875265377582337356e-01,5.985805884780454988e+01
3.000000000000000000e+02,7.769957373471907886e+03,5.351930098004140746e+01,7.623406601195981125e-03,5.352692438664260521e+01
3.000000000000000000e+02,7.841765212076546050e+03,4.819631029126526300e+01,2.977972952675691509e-01,4.849410758653283438e+01
3.000000000000000000e+02,7.913573050681183304e+03,4.336014831934011227e+01,-1.105554225511747868e-01,4.324959289678893981e+01
3.000000000000000000e+02,7.985380889285821468e+03,3.897184507255133212e+01,2.812587439789684396e-01,3.925310381653029879e+01
3.000000000000000000e+02,8.057188727890458722e+03,3.499483391293125578e+01,-1.851219829372060532e-01,3.480971192999405162e+01
3.000000000000000000e+02,8.128996566495096886e+03,3.139489737265540725e+01,-4.817469078242330172e-01,3.091315046483117257e+01
3.000000000000000000e+02,8.200804405099734140e+03,2.814010001253501514e+01,-3.881063383448689619e-01,2.775199367419014607e+01
3.000000000000000000e+02,8.272612243704374123e+03,2.520071077091796496e+01,2.213238198511868760e-02,2.522284315290308498e+01
3.000000000000000000e+02,8.344420082309010468e+03,2.254911704270790551e+01,1.566287188318387091e-01,2.270574576153974533e+01
3.000000000000000000e+02,8.416227920913650451e+03,2.015973251536763655e+01,-2.115523693118148696e-01,1.994818014605582235e+01
3.000000000000000000e+02,8.488035759518288614e+03,1.800890057641686326e+01,3.051005191710410847e-01,1.831400109558790490e+01
3.000000000000000000e+02,8.559843598122924959e+03,1.607479489899731107e+01,-1.063115046342402170e-01,1.596848339436307107e+01
3.000000000000000000e+02,8.631651436727563123e+03,1.433731861173049538e+01,-3.896800813789224049e-01,1.394763853035157375e+01
3.000000000000000000e+02,8.703459275332201287e+03,1.277800326868504044e+01,-4.849520235231919996e-01,1.229305124516184833e+01
3.000000000000000000e+02,8.775267113936839451e+03,1.137990865661291195e+01,3.415064784310147816e-01,1.172141513504392663e+01
3.000000000000000000e+02,8.847074952541475795e+03,1.012752431084862792e+01,4.409978440999597904e-01,1.056852215494858704e+01
3.000000000000000000e+02,8.918882791146113959e+03,9.006673459158349715e+00,-2.844683484605452506e-01,8.722205110697803576e+00
3.000000000000000000e+02,8.990690629750753942e+03,8.004419974653572467e+00,4.074967787187725454e-01,8.411916753372345568e+00
3.000000000000000000e+02,9.062498468355390287e+03,7.108978794632434983e+00,-4.129791785224090628e-01,6.695999616110025698e+00
3.000000000000000000e+02,9.134306306960030270e+03,6.309630151583576207e+00,1.664912177079760358e-01,6.476121369291552021e+00
3.000000000000000000e+02,9.206114145564668434e+03,5.596637865089917341e+00,-5.642828687315637470e-02,5.540209578216760633e+00
3.000000000000000000e+02,9.277921984169304778e+03,4.961171858318408567e+00,-3.465493924245105495e-01,4.614622465893898351e+00
3.000000000000000000e+02,9.349729822773942942e+03,4.395234989420359284e+00,2.367174204281823346e-01,4.631952409848541841e+00
3.000000000000000000e+02,9.421537661378581106e+03,3.891594225628871584e+00,1.332183609715970052e-01,4.024812586600468478e+00
3.000000000000000000e+02,9.493345499983219270e+03,3.443716135241089660e+00,5.327776689982188785e-03,3.449043911931071626e+00
3.000000000000000000e+02,9.565153338587855615e+03,3.045706629093679396e+00,-5.794026382095573968e-02,2.987766365272723768e+00
3.000000000000000000e+02,9.636961177192495597e+03,2.692254847682143293e+00,1.878782877850396771e-01,2.880133135467183081e+00
3.650000000000000000e+02,3.731310338790120113e+03,2.327505513595654520e+03,1.298823999347763491e-01,2.327635395995589079e+03
3.650000000000000000e+02,3.811453373183675922e+03,2.251236339225617485e+03,-1.703769260112297790e-02,2.251219301533016278e+03
3.650000000000000000e+02,3.891596407577231275e+03,2.175200437569663336e+03,2.237029487475277190e-01,2.175424140518410695e+03
3.650000000000000000e+02,3.971739441970786174e+03,2.099452884755907235e+03,-1.137676016650016608e-01,2.099339117154242103e+03
3.650000000000000000e+02,4.051882476364341528e+03,2.024056535701285611e+03,-3.864884618315588272e-01,2.023670047239454107e+03
3.650000000000000000e+02,4.132025510757896882e+03,1.949082010482108217e+03,-4.480363528388472405e-01,1.948633974129269291e+03
3.650000000000000000e+02,4.212168545151452236e+03,1.874607467893424200e+03,-4.638755410389421296e-01,1.874143592352385213e+03
3.650000000000000000e+02,4.292311579545007589e+03,1.800718159705237667e+03,2.046193466728172261e-01,1.800922779051910538e+03
3.650000000000000000e+02,4.372454613938562943e+03,1.727505768545980573e+03,-3.012696602645814625e-01,1.727204498885716021e+03
3.650000000000000000e+02,4.452597648332118297e+03,1.655067541594687100e+03,-2.039410930038461078e-01,1.654863600501683322e+03
3.650000000000000000e+02,4.532740682725673651e+03,1.583505240797011993e+03,-4.527891320121719687e-01,1.583052451664999808e+03
3.650000000000000000e+02,4.612883717119229004e+03,1.512923937674564968e+03,-4.760686828638631685e-01,1.512447868991701171e+03
3.650000000000000000e+02,4.693026751512785268e+03,1.443430686620504275e+03,-1.530868086510780435e-01,1.443277599811853179e+03
3.650000000000000000e+02,4.773169785906339712e+03,1.375133114639877931e+03,2.714826526102867010e-01,1.375404597292488234e+03
3.650000000000000000e+02,4.853312820299895066e+03,1.308137967701115031e+03,-9.017612245654005321e-02,1.308047791578658462e+03
3.650000000000000000e+02,4.933455854693450419e+03,1.242549654234971968e+03,2.547833226276829954e-02,1.242575132567234732e+03
3.650000000000000000e+02,5.013598889087005773e+03,1.178468824973071605e+03,8.753960587626041789e-02,1.178556364578947978e+03
3.650000000000000000e+02,5.093741923480561127e+03,1.115991025466889823e+03,3.676955693647543377e-02,1.116027795023826229e+03
3.650000000000000000e+02,5.173884957874116481e+03,1.055205453536527330e+03,-4.613841513163076113e-01,1.054744069385211105e+03
3.650000000000000000e+02,5.254027992267671834e+03,9.961938488692485407e+02,1.517918922358117984e-01,9.963456407614843329e+02
3.650000000000000000e+02,5.334171026661227188e+03,9.390295363357045062e+02,1.579787411160582522e-02,9.390453342098161329e+02
3.650000000000000000e+02,5.414314061054783451e+03,8.837766386253060773e+02,1.830917436047208025e-01,8.839597303689107548e+02
3.650000000000000000e+02,5.494457095448337896e+03,8.304894678061946252e+02,4.877716761029208259e-01,8.309772394822975912e+02
3.650000000000000000e+02,5.574600129841893249e+03,7.792120996390376604e+02,-3.550231974823699899e-01,7.788570764415552503e+02
3.650000000000000000e+02,5.654743164235448603e+03,7.299781291237836740e+02,5.166084714933727451e-02,7.300297899709330522e+02
3.650000000000000000e+02,5.734886198629003957e+03,6.828106009929801985e+02,-3.046883244564372317e-01,6.825059126685237061e+02
3.650000000000000000e+02,5.815029233022559310e+03,6.377221047952366462e+02,-2.413863727295029182e-01,6.374807184225071524e+02
3.650000000000000000e+02,5.895172267416114664e+03,5.947150209027158780e+02,1.673227177950563638e-01,5.948823436205109374e+02
3.650000000000000000e+02,5.975315301809670018e+03,5.537819012505106002e+02,-4.197579900622963045e-01,5.533621432604483061e+02
3.650000000000000000e+02,6.055458336203225372e+03,5.149059668610238987e+02,3.857359249004398416e-01,5.152917027859243717e+02
3.650000000000000000e+02,6.135601370596781635e+03,4.780617031813117137e+02,1.617786307534225809e-01,4.782234818120651312e+02
3.650000000000000000e+02,6.215744404990336989e+03,4.432155339015530444e+02,2.222472511133708473e-01,4.434377811526663891e+02
3.650000000000000000e+02,6.295887439383892342e+03,4.103265541486266557e+02,3.986032708909655886e-01,4.107251574195176431e+02
3.650000000000000000e+02,6.376030473777447696e+03,3.793473046704516491e+02,3.557819658116813111e-01,3.797030866362633219e+02
3.650000000000000000e+02,6.456173508171002140e+03,3.502245697508087687e+02,4.451790058843284603e-01,3.506697487566930818e+02
3.650000000000000000e+02,6.536316542564557494e+03,3.229001830275406064e+02,1.534550207250715559e-01,3.230536380482656682e+02
3.650000000000000000e+02,6.616459576958112848e+03,2.973118270401810150e+02,-8.379896825065902277e-03,2.973034471433559247e+02
3.650000000000000000e+02,6.696602611351668202e+03,2.733938141243004338e+02,-4.854713734560922589e-03,2.733889594105658603e+02
3.650000000000000000e+02,6.776745645745223555e+03,2.510778381256982357e+02,-2.770786518754384531e-01,2.508007594738228079e+02
3.650000000000000000e+02,6.856888680138778000e+03,2.302936882651417818e+02,-1.529378476587742730e-01,2.301407504174830194e+02
3.650000000000000000e+02,6.937031714532333353e+03,2.109699182908132116e+02,1.140934529864080504e-01,2.110840117437996071e+02
3.650000000000000000e+02,7.017174748925888707e+03,1.930344657691703105e+02,6.727699477313098253e-02,1.931017427639434345e+02
3.650000000000000000e+02,7.097317783319444061e+03,1.764152179535167306e+02,-3.568858473633791384e-01,1.760583321061533582e+02
3.650000000000000000e+02,7.177460817713000324e+03,1.610405221106839235e+02,-6.181207072481031961e-02,1.609787100399591111e+02
3.650000000000000000e+02,7.257603852106555678e+03,1.468396394657231667e+02,2.975169267926596195e-01,1.471371563925158341e+02
3.650000000000000000e+02,7.337746886500111032e+03,1.337431430353644828e+02,3.734270837688402622e-03,1.337468773062021796e+02
3.650000000000000000e+02,7.417889920893666385e+03,1.216832605626361783e+02,-1.290121379667458212e-01,1.215542484246694386e+02
3.650000000000000000e+02,7.498032955287221739e+03,1.105941645414593495e+02,1.693077092323012067e-01,1.107634722506916489e+02
3.650000000000000000e+02,7.578175989680777093e+03,1.004122119395921118e+02,4.414349042107760246e-01,1.008536468438028919e+02
3.650000000000000000e+02,7.658319024074333356e+03,9.107613670185742194e+01,-4.663264200592495135e-01,9.060981028179817542e+01
3.650000000000000000e+02,7.738462058467888710e+03,8.252719845622902994e+01,3.867565599161594259e-01,8.291395501614519503e+01
3.650000000000000000e+02,7.818605092861444064e+03,7.470929106740334191e+01,1.560292513330059361e-01,7.486532031873635162e+01
3.650000000000000000e+02,7.898748127254999417e+03,6.756901480055262255e+01,7.935411790263735554e-02,6.764836891845526168e+01
3.650000000000000000e+02,7.978891161648553862e+03,6.105571588708642139e+01,-4.391363551740978810e-01,6.061657953191232195e+01
3.650000000000000000e+02,8.059034196042109215e+03,5.512149723858090056e+01,1.287903259115052990e-01,5.525028756449240319e+01
3.650000000000000000e+02,8.139177230435664569e+03,4.972120394841181223e+01,-1.866519301877515025e-01,4.953455201822406195e+01
3.650000000000000000e+02,8.219320264829220832e+03,4.481238706554967166e+01,3.479114264130789280e-01,4.516029849196274881e+01
3.650000000000000000e+02,8.299463299222776186e+03,4.035524893297048266e+01,-1.556432205867480656e-01,4.019960571238373603e+01
3.650000000000000000e+02,8.379606333616329721e+03,3.631257316454139072e+01,3.017645051952644319e-02,3.634274961506091728e+01
3.650000000000000000e+02,8.459749368009885075e+03,3.264964209794942462e+01,4.920274004810488711e-01,3.314166949843047405e+01
3.650000000000000000e+02,8.539892402403440428e+03,2.933414431508691678e+01,-3.617847519420687163e-01,2.897235956314484895e+01
3.650000000000000000e+02,8.620035436796995782e+03,2.633607457175929767e+01,3.710332707119173845e-01,2.670710784247121339e+01
3.650000000000000000e+02,8.700178471190551136e+03,2.362762823110995214e+01,-4.361852133457755354e-01,2.319144301776417549e+01
3.650000000000000000e+02,8.780321505584106490e+03,2.118309205404528939e+01,2.266773805351041116e-01,2.140976943458039372e+01
3.650000000000000000e+02,8.860464539977661843e+03,1.897873296865631687e+01,4.740409856232117303e-01,1.945277395427952882e+01
3.650000000000000000e+02,8.940607574371219016e+03,1.699268622168824550e+01,-1.238275333950102919e-01,1.686885868829323698e+01
3.650000000000000000e+02,9.020750608764774370e+03,1.520484411035167227e+01,-1.250583670078159182e-01,1.507978574334385691e+01
3.650000000000000000e+02,9.100893643158329724e+03,1.359674630337434564e+01,2.488359881069743818e-01,1.384558229148131936e+01
3.650000000000000000e+02,9.181036677551885077e+03,1.215147258682074494e+01,-4.169433695469774159e-01,1.173452921727376719e+01
3.650000000000000000e+02,9.261179711945440431e+03,1.085353871304408813e+01,-4.080204155851882009e-01,1.044551829745890004e+01
3.650000000000000000e+02,9.341322746338995785e+03,9.688795890046577597e+00,1.260744933571851245e-01,9.814870383403762943e+00
3.650000000000000000e+02,9.421465780732549320e+03,8.644334323043693757e+00,-4.519245348268587925e-01,8.192409788216835409e+00
3.650000000000000000e+02,9.501608815126104673e+03,7.708391109517350515e+00,2.558240052369751272e-01,7.964215114754325420e+00
3.650000000000000000e+02,9.581751849519660027e+03,6.870262692650669578e+00,2.675643920481752813e-01,7.137827084698844970e+00
3.650000000000000000e+02,9.661894883913217200e+03,6.120221994852258263e+00,-8.154206774739536367e-02,6.038679927104863232e+00
3.650000000000000000e+02,9.742037918306772553e+03,5.449440282079294207e+00,4.536142729369658788e-01,5.903054555016259641e+00
3.650000000000000000e+02,9.822180952700326088e+03,4.849913749825503828e+00,-2.145679563854596683e-02,4.828456954186957972e+00
3.650000000000000000e+02,9.902323987093883261e+03,4.314394771897894998e+00,-6.722206108882455844e-02,4.247172710809070217e+00
3.650000000000000000e+02,9.982467021487436796e+03,3.836327712451819139e+00,1.577930253102972635e-01,3.994120737762116402e+00
3.650000000000000000e+02,1.006261005588099215e+04,3.409789169163410349e+00,-2.983479432659730257e-02,3.379954374836812825e+00
3.650000000000000000e+02,1.014275309027454750e+04,3.029432489980003140e+00,-3.419661888888357870e-01,2.687466301091167242e+00
