horizon_days,left_edge,right_edge,probability_mass
3.000000000000000000e+01,1.803702432703507156e+03,1.898897838873970159e+03,8.223660969162082876e-05
3.000000000000000000e+01,1.898897838873970159e+03,1.994093245044432933e+03,5.038744035135677546e-05
3.000000000000000000e+01,1.994093245044432933e+03,2.089288651214895708e+03,2.329390524755856650e-05
3.000000000000000000e+01,2.089288651214895708e+03,2.184484057385358938e+03,5.865815682026385657e-06
3.000000000000000000e+01,2.184484057385358938e+03,2.279679463555821712e+03,1.026763236192359580e-19
3.000000000000000000e+01,2.279679463555821712e+03,2.374874869726284487e+03,1.260372052714973294e-17
3.000000000000000000e+01,2.374874869726284487e+03,2.470070275896747262e+03,0.000000000000000000e+00
3.000000000000000000e+01,2.470070275896747262e+03,2.565265682067210491e+03,5.582139698681008170e-18
3.000000000000000000e+01,2.565265682067210491e+03,2.660461088237673266e+03,2.372353194973314826e-18
3.000000000000000000e+01,2.660461088237673266e+03,2.755656494408136041e+03,7.194828362142662185e-18
3.000000000000000000e+01,2.755656494408136041e+03,2.850851900578599270e+03,4.185873868669588885e-18
3.000000000000000000e+01,2.850851900578599270e+03,2.946047306749062045e+03,5.702362838648098499e-18
3.000000000000000000e+01,2.946047306749062045e+03,3.041242712919524820e+03,0.000000000000000000e+00
3.000000000000000000e+01,3.041242712919524820e+03,3.136438119089987595e+03,0.000000000000000000e+00
3.000000000000000000e+01,3.136438119089987595e+03,3.231633525260450369e+03,3.351391100585944858e-18
3.000000000000000000e+01,3.231633525260450369e+03,3.326828931430913599e+03,9.191078788559703943e-18
3.000000000000000000e+01,3.326828931430913599e+03,3.422024337601376828e+03,0.000000000000000000e+00
3.000000000000000000e+01,3.422024337601376828e+03,3.517219743771839603e+03,0.000000000000000000e+00
3.000000000000000000e+01,3.517219743771839603e+03,3.612415149942302378e+03,3.162069585135834663e-19
3.000000000000000000e+01,3.612415149942302378e+03,3.707610556112765153e+03,0.000000000000000000e+00
3.000000000000000000e+01,3.707610556112765153e+03,3.802805962283227927e+03,0.000000000000000000e+00
3.000000000000000000e+01,3.802805962283227927e+03,3.898001368453690702e+03,0.000000000000000000e+00
3.000000000000000000e+01,3.898001368453690702e+03,3.993196774624153477e+03,0.000000000000000000e+00
3.000000000000000000e+01,3.993196774624153477e+03,4.088392180794617161e+03,0.000000000000000000e+00
3.000000000000000000e+01,4.088392180794617161e+03,4.183587586965079936e+03,0.000000000000000000e+00
3.000000000000000000e+01,4.183587586965079936e+03,4.278782993135542711e+03,0.000000000000000000e+00
3.000000000000000000e+01,4.278782993135542711e+03,4.373978399306005485e+03,0.000000000000000000e+00
3.000000000000000000e+01,4.373978399306005485e+03,4.469173805476468260e+03,7.386103045078100198e-18
3.000000000000000000e+01,4.469173805476468260e+03,4.564369211646931035e+03,0.000000000000000000e+00
3.000000000000000000e+01,4.564369211646931035e+03,4.659564617817393810e+03,3.381042841755780997e-18
3.000000000000000000e+01,4.659564617817393810e+03,4.754760023987857494e+03,0.000000000000000000e+00
3.000000000000000000e+01,4.754760023987857494e+03,4.849955430158320269e+03,0.000000000000000000e+00
3.000000000000000000e+01,4.849955430158320269e+03,4.945150836328783043e+03,3.299068657207750531e-17
3.000000000000000000e+01,4.945150836328783043e+03,5.040346242499245818e+03,1.900028302148428785e-05
3.000000000000000000e+01,5.040346242499245818e+03,5.135541648669708593e+03,1.139293626501446197e-03
3.000000000000000000e+01,5.135541648669708593e+03,5.230737054840171368e+03,4.313364908733963166e-03
3.000000000000000000e+01,5.230737054840171368e+03,5.325932461010634142e+03,1.036072908462493808e-02
3.000000000000000000e+01,5.325932461010634142e+03,5.421127867181097827e+03,1.995983698245160087e-02
3.000000000000000000e+01,5.421127867181097827e+03,5.516323273351560601e+03,3.347692273962202952e-02
3.000000000000000000e+01,5.516323273351560601e+03,5.611518679522023376e+03,5.043653850516147119e-02
3.000000000000000000e+01,5.611518679522023376e+03,5.706714085692486151e+03,6.924708697493703324e-02
3.000000000000000000e+01,5.706714085692486151e+03,5.801909491862948926e+03,8.737439553394911462e-02
3.000000000000000000e+01,5.801909491862948926e+03,5.897104898033411700e+03,1.017010053672440240e-01
3.000000000000000000e+01,5.897104898033411700e+03,5.992300304203874475e+03,1.093521296124487507e-01
3.000000000000000000e+01,5.992300304203874475e+03,6.087495710374337250e+03,1.089215655925164089e-01
3.000000000000000000e+01,6.087495710374337250e+03,6.182691116544800025e+03,1.008316429847702089e-01
3.000000000000000000e+01,6.182691116544800025e+03,6.277886522715263709e+03,8.681779331547909151e-02
3.000000000000000000e+01,6.277886522715263709e+03,6.373081928885726484e+03,6.958150910395703714e-02
3.000000000000000000e+01,6.373081928885726484e+03,6.468277335056189258e+03,5.199767125457586958e-02
3.000000000000000000e+01,6.468277335056189258e+03,6.563472741226652033e+03,3.637908551799141216e-02
3.000000000000000000e+01,6.563472741226652033e+03,6.658668147397114808e+03,2.401155889888605816e-02
3.000000000000000000e+01,6.658668147397114808e+03,6.753863553567577583e+03,1.508174463529076380e-02
3.000000000000000000e+01,6.753863553567577583e+03,6.849058959738040357e+03,8.976345629449171762e-03
3.000000000000000000e+01,6.849058959738040357e+03,6.944254365908504042e+03,4.978350326395274833e-03
3.000000000000000000e+01,6.944254365908504042e+03,7.039449772078966816e+03,2.509736033704326914e-03
3.000000000000000000e+01,7.039449772078966816e+03,7.134645178249429591e+03,1.106501551528883080e-03
3.000000000000000000e+01,7.134645178249429591e+03,7.229840584419892366e+03,4.038602703619107283e-04
3.000000000000000000e+01,7.229840584419892366e+03,7.325035990590355141e+03,1.249849737183822591e-04
3.000000000000000000e+01,7.325035990590355141e+03,7.420231396760817915e+03,6.982213245151187245e-05
3.000000000000000000e+01,7.420231396760817915e+03,7.515426802931280690e+03,1.037177783116501653e-04
3.000000000000000000e+01,7.515426802931280690e+03,7.610622209101744374e+03,1.458352999823481547e-04
3.000000000000000000e+01,7.610622209101744374e+03,7.705817615272207149e+03,1.578145134430954035e-04
3.000000000000000000e+01,7.705817615272207149e+03,7.801013021442669924e+03,1.328755262707247164e-04
3.000000000000000000e+01,7.801013021442669924e+03,7.896208427613132699e+03,8.476152465763902688e-05
3.000000000000000000e+01,7.896208427613132699e+03,7.991403833783595474e+03,3.547789545610338381e-05
3.000000000000000000e+01,7.991403833783595474e+03,8.086599239954058248e+03,5.257851133935017398e-06
3.000000000000000000e+01,8.086599239954058248e+03,8.181794646124521023e+03,1.079505569496919430e-17
3.000000000000000000e+01,8.181794646124521023e+03,8.276990052294984707e+03,1.851733145364188796e-17
3.000000000000000000e+01,8.276990052294984707e+03,8.372185458465448392e+03,0.000000000000000000e+00
3.000000000000000000e+01,8.372185458465448392e+03,8.467380864635910257e+03,0.000000000000000000e+00
3.000000000000000000e+01,8.467380864635910257e+03,8.562576270806373941e+03,0.000000000000000000e+00
3.000000000000000000e+01,8.562576270806373941e+03,8.657771676976835806e+03,0.000000000000000000e+00
3.000000000000000000e+01,8.657771676976835806e+03,8.752967083147299491e+03,0.000000000000000000e+00
3.000000000000000000e+01,8.752967083147299491e+03,8.848162489317761356e+03,1.708299992510220987e-18
3.000000000000000000e+01,8.848162489317761356e+03,8.943357895488225040e+03,0.000000000000000000e+00
3.000000000000000000e+01,8.943357895488225040e+03,9.038553301658688724e+03,2.163689323564414885e-17
3.000000000000000000e+01,9.038553301658688724e+03,9.133748707829150590e+03,0.000000000000000000e+00
3.000000000000000000e+01,9.133748707829150590e+03,9.228944113999614274e+03,0.000000000000000000e+00
3.000000000000000000e+01,9.228944113999614274e+03,9.324139520170076139e+03,1.622773202079252006e-17
3.000000000000000000e+01,9.324139520170076139e+03,9.419334926340539823e+03,0.000000000000000000e+00
3.000000000000000000e+01,9.419334926340539823e+03,9.514530332511001689e+03,4.424480039060753917e-18
3.000000000000000000e+01,9.514530332511001689e+03,9.609725738681465373e+03,0.000000000000000000e+00
3.000000000000000000e+01,9.609725738681465373e+03,9.704921144851929057e+03,0.000000000000000000e+00
3.000000000000000000e+01,9.704921144851929057e+03,9.800116551022390922e+03,0.000000000000000000e+00
3.000000000000000000e+01,9.800116551022390922e+03,9.895311957192854607e+03,0.000000000000000000e+00
3.000000000000000000e+01,9.895311957192854607e+03,9.990507363363316472e+03,0.000000000000000000e+00
3.000000000000000000e+01,9.990507363363316472e+03,1.008570276953378016e+04,1.388041874945906619e-18
3.000000000000000000e+01,1.008570276953378016e+04,1.018089817570424202e+04,0.000000000000000000e+00
3.000000000000000000e+01,1.018089817570424202e+04,1.027609358187470571e+04,3.032613562916214618e-18
3.000000000000000000e+01,1.027609358187470571e+04,1.037128898804516757e+04,0.000000000000000000e+00
3.000000000000000000e+01,1.037128898804516757e+04,1.046648439421563126e+04,0.000000000000000000e+00
3.000000000000000000e+01,1.046648439421563126e+04,1.056167980038609312e+04,0.000000000000000000e+00
3.000000000000000000e+01,1.056167980038609312e+04,1.065687520655655680e+04,7.431745235145046732e-18
3.000000000000000000e+01,1.065687520655655680e+04,1.075207061272702049e+04,0.000000000000000000e+00
3.000000000000000000e+01,1.075207061272702049e+04,1.084726601889748235e+04,5.286156142402798197e-18
3.000000000000000000e+01,1.084726601889748235e+04,1.094246142506794604e+04,0.000000000000000000e+00
3.000000000000000000e+01,1.094246142506794604e+04,1.103765683123840790e+04,2.670702946885836140e-17
3.000000000000000000e+01,1.103765683123840790e+04,1.113285223740887159e+04,0.000000000000000000e+00
3.000000000000000000e+01,1.113285223740887159e+04,1.122804764357933345e+04,8.291979707831963131e-18
3.000000000000000000e+01,1.122804764357933345e+04,1.132324304974979714e+04,0.000000000000000000e+00
3.000000000000000000e+01,1.132324304974979714e+04,1.141843845592026082e+04,0.000000000000000000e+00
3.000000000000000000e+01,1.141843845592026082e+04,1.151363386209072269e+04,2.071936210759375975e-17
3.000000000000000000e+01,1.151363386209072269e+04,1.160882926826118637e+04,6.185227338400162314e-18
3.000000000000000000e+01,1.160882926826118637e+04,1.170402467443164824e+04,4.924797294157316909e-18
3.000000000000000000e+01,1.170402467443164824e+04,1.179922008060211192e+04,0.000000000000000000e+00
3.000000000000000000e+01,1.179922008060211192e+04,1.189441548677257379e+04,1.263713422576407850e-17
3.000000000000000000e+01,1.189441548677257379e+04,1.198961089294303747e+04,0.000000000000000000e+00
3.000000000000000000e+01,1.198961089294303747e+04,1.208480629911350115e+04,1.724557648235039593e-17
3.000000000000000000e+01,1.208480629911350115e+04,1.218000170528396302e+04,0.000000000000000000e+00
3.000000000000000000e+01,1.218000170528396302e+04,1.227519711145442670e+04,0.000000000000000000e+00
3.000000000000000000e+01,1.227519711145442670e+04,1.237039251762488857e+04,0.000000000000000000e+00
3.000000000000000000e+01,1.237039251762488857e+04,1.246558792379535225e+04,0.000000000000000000e+00
3.000000000000000000e+01,1.246558792379535225e+04,1.256078332996581412e+04,3.587986877860514632e-17
3.000000000000000000e+01,1.256078332996581412e+04,1.265597873613627780e+04,6.109015631625829059e-18
3.000000000000000000e+01,1.265597873613627780e+04,1.275117414230674149e+04,3.189641196416922232e-17
3.000000000000000000e+01,1.275117414230674149e+04,1.284636954847720335e+04,0.000000000000000000e+00
3.000000000000000000e+01,1.284636954847720335e+04,1.294156495464766704e+04,9.757673634239594271e-18
3.000000000000000000e+01,1.294156495464766704e+04,1.303676036081812890e+04,1.425603123465693814e-18
3.000000000000000000e+01,1.303676036081812890e+04,1.313195576698859259e+04,0.000000000000000000e+00
3.000000000000000000e+01,1.313195576698859259e+04,1.322715117315905445e+04,0.000000000000000000e+00
6.000000000000000000e+01,1.807412480966972453e+03,1.902803695240229445e+03,1.032044767528725825e-04
6.000000000000000000e+01,1.902803695240229445e+03,1.998194909513486209e+03,7.324236663242625616e-05
6.000000000000000000e+01,1.998194909513486209e+03,2.093586123786742974e+03,4.543215648971722279e-05
6.000000000000000000e+01,2.093586123786742974e+03,2.188977338059999965e+03,2.263042851428912462e-05
6.000000000000000000e+01,2.188977338059999965e+03,2.284368552333256957e+03,7.249410101450084196e-06
6.000000000000000000e+01,2.284368552333256957e+03,2.379759766606513949e+03,2.715872559686802793e-07
6.000000000000000000e+01,2.379759766606513949e+03,2.475150980879770941e+03,0.000000000000000000e+00
6.000000000000000000e+01,2.475150980879770941e+03,2.570542195153027933e+03,0.000000000000000000e+00
6.000000000000000000e+01,2.570542195153027933e+03,2.665933409426284470e+03,0.000000000000000000e+00
6.000000000000000000e+01,2.665933409426284470e+03,2.761324623699541462e+03,5.759959013008568198e-19
6.000000000000000000e+01,2.761324623699541462e+03,2.856715837972798454e+03,0.000000000000000000e+00
6.000000000000000000e+01,2.856715837972798454e+03,2.952107052246055446e+03,9.879315021298219969e-20
6.000000000000000000e+01,2.952107052246055446e+03,3.047498266519311983e+03,2.140998707664886557e-19
6.000000000000000000e+01,3.047498266519311983e+03,3.142889480792568975e+03,0.000000000000000000e+00
6.000000000000000000e+01,3.142889480792568975e+03,3.238280695065825967e+03,0.000000000000000000e+00
6.000000000000000000e+01,3.238280695065825967e+03,3.333671909339082958e+03,0.000000000000000000e+00
6.000000000000000000e+01,3.333671909339082958e+03,3.429063123612339950e+03,0.000000000000000000e+00
6.000000000000000000e+01,3.429063123612339950e+03,3.524454337885596942e+03,0.000000000000000000e+00
6.000000000000000000e+01,3.524454337885596942e+03,3.619845552158853934e+03,5.559976595123111681e-20
6.000000000000000000e+01,3.619845552158853934e+03,3.715236766432110471e+03,0.000000000000000000e+00
6.000000000000000000e+01,3.715236766432110471e+03,3.810627980705367463e+03,0.000000000000000000e+00
6.000000000000000000e+01,3.810627980705367463e+03,3.906019194978624455e+03,5.804186798628250839e-19
6.000000000000000000e+01,3.906019194978624455e+03,4.001410409251881447e+03,0.000000000000000000e+00
6.000000000000000000e+01,4.001410409251881447e+03,4.096801623525137984e+03,0.000000000000000000e+00
6.000000000000000000e+01,4.096801623525137984e+03,4.192192837798394976e+03,0.000000000000000000e+00
6.000000000000000000e+01,4.192192837798394976e+03,4.287584052071651968e+03,0.000000000000000000e+00
6.000000000000000000e+01,4.287584052071651968e+03,4.382975266344908960e+03,0.000000000000000000e+00
6.000000000000000000e+01,4.382975266344908960e+03,4.478366480618165951e+03,5.826331027733007787e-19
6.000000000000000000e+01,4.478366480618165951e+03,4.573757694891422943e+03,0.000000000000000000e+00
6.000000000000000000e+01,4.573757694891422943e+03,4.669148909164679935e+03,1.052635403357441774e-04
6.000000000000000000e+01,4.669148909164679935e+03,4.764540123437936927e+03,6.449207050538694527e-04
6.000000000000000000e+01,4.764540123437936927e+03,4.859931337711193919e+03,1.914037650678567610e-03
6.000000000000000000e+01,4.859931337711193919e+03,4.955322551984450911e+03,4.172194087998261185e-03
6.000000000000000000e+01,4.955322551984450911e+03,5.050713766257707903e+03,7.642192449224705954e-03
6.000000000000000000e+01,5.050713766257707903e+03,5.146104980530963985e+03,1.250954120797929774e-02
6.000000000000000000e+01,5.146104980530963985e+03,5.241496194804220977e+03,1.884300307095619284e-02
6.000000000000000000e+01,5.241496194804220977e+03,5.336887409077477969e+03,2.651624719731981647e-02
6.000000000000000000e+01,5.336887409077477969e+03,5.432278623350734961e+03,3.536143526105387652e-02
6.000000000000000000e+01,5.432278623350734961e+03,5.527669837623991953e+03,4.504433298608897379e-02
6.000000000000000000e+01,5.527669837623991953e+03,5.623061051897248035e+03,5.501970835365019991e-02
6.000000000000000000e+01,5.623061051897248035e+03,5.718452266170505027e+03,6.438481757806634176e-02
6.000000000000000000e+01,5.718452266170505027e+03,5.813843480443762019e+03,7.205070274392381957e-02
6.000000000000000000e+01,5.813843480443762019e+03,5.909234694717019011e+03,7.702302420522019744e-02
6.000000000000000000e+01,5.909234694717019011e+03,6.004625908990276002e+03,7.871545315236301577e-02
6.000000000000000000e+01,6.004625908990276002e+03,6.100017123263532994e+03,7.717520046165383951e-02
6.000000000000000000e+01,6.100017123263532994e+03,6.195408337536789986e+03,7.298306661915344995e-02
6.000000000000000000e+01,6.195408337536789986e+03,6.290799551810046978e+03,6.677501593393458945e-02
6.000000000000000000e+01,6.290799551810046978e+03,6.386190766083303970e+03,5.914907388998943971e-02
6.000000000000000000e+01,6.386190766083303970e+03,6.481581980356560962e+03,5.075263844247934752e-02
6.000000000000000000e+01,6.481581980356560962e+03,6.576973194629817954e+03,4.227765931155018364e-02
6.000000000000000000e+01,6.576973194629817954e+03,6.672364408903074946e+03,3.427470519928210724e-02
6.000000000000000000e+01,6.672364408903074946e+03,6.767755623176331937e+03,2.702596032761097125e-02
6.000000000000000000e+01,6.767755623176331937e+03,6.863146837449588929e+03,2.063664048219099323e-02
6.000000000000000000e+01,6.863146837449588929e+03,6.958538051722845921e+03,1.523722781080616082e-02
6.000000000000000000e+01,6.958538051722845921e+03,7.053929265996102913e+03,1.094163629800824940e-02
6.000000000000000000e+01,7.053929265996102913e+03,7.149320480269359905e+03,7.725440020597987810e-03
6.000000000000000000e+01,7.149320480269359905e+03,7.244711694542616897e+03,5.407078390116033285e-03
6.000000000000000000e+01,7.244711694542616897e+03,7.340102908815873889e+03,3.672809453669365932e-03
6.000000000000000000e+01,7.340102908815873889e+03,7.435494123089129062e+03,2.369727681680519182e-03
6.000000000000000000e+01,7.435494123089129062e+03,7.530885337362386053e+03,1.425356891884486422e-03
6.000000000000000000e+01,7.530885337362386053e+03,7.626276551635643045e+03,7.768484527136313529e-04
6.000000000000000000e+01,7.626276551635643045e+03,7.721667765908900037e+03,3.648338578335512720e-04
6.000000000000000000e+01,7.721667765908900037e+03,7.817058980182157029e+03,1.330579542372556563e-04
6.000000000000000000e+01,7.817058980182157029e+03,7.912450194455414021e+03,2.833196018051743542e-05
6.000000000000000000e+01,7.912450194455414021e+03,8.007841408728671013e+03,1.275808743228232086e-17
6.000000000000000000e+01,8.007841408728671013e+03,8.103232623001928005e+03,4.401330352195851843e-18
6.000000000000000000e+01,8.103232623001928005e+03,8.198623837275184997e+03,1.303070561725208459e-05
6.000000000000000000e+01,8.198623837275184997e+03,8.294015051548441988e+03,3.192103626333773212e-05
6.000000000000000000e+01,8.294015051548441988e+03,8.389406265821698980e+03,5.138975132753013063e-05
6.000000000000000000e+01,8.389406265821698980e+03,8.484797480094955972e+03,6.768741705208025270e-05
6.000000000000000000e+01,8.484797480094955972e+03,8.580188694368212964e+03,7.859047955662935641e-05
6.000000000000000000e+01,8.580188694368212964e+03,8.675579908641469956e+03,8.321937812591797786e-05
6.000000000000000000e+01,8.675579908641469956e+03,8.770971122914726948e+03,8.157372405054514643e-05
6.000000000000000000e+01,8.770971122914726948e+03,8.866362337187983940e+03,7.440811229114926225e-05
6.000000000000000000e+01,8.866362337187983940e+03,8.961753551461240932e+03,6.324259461307717546e-05
6.000000000000000000e+01,8.961753551461240932e+03,9.057144765734497923e+03,4.958101436529536256e-05
6.000000000000000000e+01,9.057144765734497923e+03,9.152535980007754915e+03,3.521964175448070934e-05
6.000000000000000000e+01,9.152535980007754915e+03,9.247927194281011907e+03,2.206481405900541034e-05
6.000000000000000000e+01,9.247927194281011907e+03,9.343318408554268899e+03,1.152824350362361525e-05
6.000000000000000000e+01,9.343318408554268899e+03,9.438709622827524072e+03,4.479898957059627316e-06
6.000000000000000000e+01,9.438709622827524072e+03,9.534100837100781064e+03,8.491332306708246813e-07
6.000000000000000000e+01,9.534100837100781064e+03,9.629492051374038056e+03,3.878759356441111313e-18
6.000000000000000000e+01,9.629492051374038056e+03,9.724883265647295048e+03,3.229641719655583371e-18
6.000000000000000000e+01,9.724883265647295048e+03,9.820274479920552039e+03,1.079339272977472456e-18
6.000000000000000000e+01,9.820274479920552039e+03,9.915665694193809031e+03,0.000000000000000000e+00
6.000000000000000000e+01,9.915665694193809031e+03,1.001105690846706602e+04,1.201966734519925051e-18
6.000000000000000000e+01,1.001105690846706602e+04,1.010644812274032302e+04,1.718707811538526748e-18
6.000000000000000000e+01,1.010644812274032302e+04,1.020183933701358001e+04,3.969497510679803866e-18
6.000000000000000000e+01,1.020183933701358001e+04,1.029723055128683700e+04,1.790557207623096101e-19
6.000000000000000000e+01,1.029723055128683700e+04,1.039262176556009399e+04,8.950690658541305872e-20
6.000000000000000000e+01,1.039262176556009399e+04,1.048801297983335098e+04,1.050133119156623882e-18
6.000000000000000000e+01,1.048801297983335098e+04,1.058340419410660797e+04,6.600403125882012513e-19
6.000000000000000000e+01,1.058340419410660797e+04,1.067879540837986497e+04,0.000000000000000000e+00
6.000000000000000000e+01,1.067879540837986497e+04,1.077418662265312196e+04,0.000000000000000000e+00
6.000000000000000000e+01,1.077418662265312196e+04,1.086957783692637895e+04,2.758508494954825336e-19
6.000000000000000000e+01,1.086957783692637895e+04,1.096496905119963594e+04,1.982941912386572973e-19
6.000000000000000000e+01,1.096496905119963594e+04,1.106036026547289111e+04,0.000000000000000000e+00
6.000000000000000000e+01,1.106036026547289111e+04,1.115575147974614811e+04,0.000000000000000000e+00
6.000000000000000000e+01,1.115575147974614811e+04,1.125114269401940510e+04,9.419741026652787394e-19
6.000000000000000000e+01,1.125114269401940510e+04,1.134653390829266209e+04,1.301518453885662728e-19
6.000000000000000000e+01,1.134653390829266209e+04,1.144192512256591908e+04,2.373236048238833727e-19
6.000000000000000000e+01,1.144192512256591908e+04,1.153731633683917607e+04,0.000000000000000000e+00
6.000000000000000000e+01,1.153731633683917607e+04,1.163270755111243307e+04,0.000000000000000000e+00
6.000000000000000000e+01,1.163270755111243307e+04,1.172809876538569006e+04,3.084211241881046570e-19
6.000000000000000000e+01,1.172809876538569006e+04,1.182348997965894705e+04,8.851911169252931675e-20
6.000000000000000000e+01,1.182348997965894705e+04,1.191888119393220404e+04,1.689484760791583167e-18
6.000000000000000000e+01,1.191888119393220404e+04,1.201427240820546103e+04,0.000000000000000000e+00
6.000000000000000000e+01,1.201427240820546103e+04,1.210966362247871803e+04,0.000000000000000000e+00
6.000000000000000000e+01,1.210966362247871803e+04,1.220505483675197502e+04,0.000000000000000000e+00
6.000000000000000000e+01,1.220505483675197502e+04,1.230044605102523201e+04,2.632795324756560427e-19
6.000000000000000000e+01,1.230044605102523201e+04,1.239583726529848900e+04,0.000000000000000000e+00
6.000000000000000000e+01,1.239583726529848900e+04,1.249122847957174599e+04,0.000000000000000000e+00
6.000000000000000000e+01,1.249122847957174599e+04,1.258661969384500298e+04,0.000000000000000000e+00
6.000000000000000000e+01,1.258661969384500298e+04,1.268201090811825998e+04,0.000000000000000000e+00
6.000000000000000000e+01,1.268201090811825998e+04,1.277740212239151697e+04,0.000000000000000000e+00
6.000000000000000000e+01,1.277740212239151697e+04,1.287279333666477396e+04,0.000000000000000000e+00
6.000000000000000000e+01,1.287279333666477396e+04,1.296818455093803095e+04,0.000000000000000000e+00
6.000000000000000000e+01,1.296818455093803095e+04,1.306357576521128613e+04,0.000000000000000000e+00
6.000000000000000000e+01,1.306357576521128613e+04,1.315896697948454312e+04,2.127786092952145921e-18
6.000000000000000000e+01,1.315896697948454312e+04,1.325435819375780011e+04,6.983573296876122497e-18
9.000000000000000000e+01,1.811130160454894167e+03,1.906717585590013641e+03,6.112632920290112892e-05
9.000000000000000000e+01,1.906717585590013641e+03,2.002305010725133116e+03,4.090689970976637608e-05
9.000000000000000000e+01,2.002305010725133116e+03,2.097892435860252590e+03,2.259295740913923222e-05
9.000000000000000000e+01,2.097892435860252590e+03,2.193479860995371837e+03,8.802964668885257413e-06
9.000000000000000000e+01,2.193479860995371837e+03,2.289067286130491084e+03,1.435152101131201626e-06
9.000000000000000000e+01,2.289067286130491084e+03,2.384654711265610786e+03,2.130866295474045454e-17
9.000000000000000000e+01,2.384654711265610786e+03,2.480242136400730033e+03,2.516341617158907477e-17
9.000000000000000000e+01,2.480242136400730033e+03,2.575829561535849734e+03,8.158170509027479225e-18
9.000000000000000000e+01,2.575829561535849734e+03,2.671416986670968981e+03,0.000000000000000000e+00
9.000000000000000000e+01,2.671416986670968981e+03,2.767004411806088683e+03,0.000000000000000000e+00
9.000000000000000000e+01,2.767004411806088683e+03,2.862591836941207930e+03,1.107369989701168033e-17
9.000000000000000000e+01,2.862591836941207930e+03,2.958179262076327177e+03,1.946213879159069731e-17
9.000000000000000000e+01,2.958179262076327177e+03,3.053766687211446879e+03,1.328122480886395162e-19
9.000000000000000000e+01,3.053766687211446879e+03,3.149354112346566126e+03,3.925130575023225631e-18
9.000000000000000000e+01,3.149354112346566126e+03,3.244941537481685373e+03,4.008062443201204477e-18
9.000000000000000000e+01,3.244941537481685373e+03,3.340528962616805075e+03,0.000000000000000000e+00
9.000000000000000000e+01,3.340528962616805075e+03,3.436116387751924776e+03,2.239955802079947208e-19
9.000000000000000000e+01,3.436116387751924776e+03,3.531703812887044023e+03,0.000000000000000000e+00
9.000000000000000000e+01,3.531703812887044023e+03,3.627291238022163270e+03,0.000000000000000000e+00
9.000000000000000000e+01,3.627291238022163270e+03,3.722878663157282972e+03,7.232560997028174743e-20
9.000000000000000000e+01,3.722878663157282972e+03,3.818466088292402219e+03,3.629313899916896210e-18
9.000000000000000000e+01,3.818466088292402219e+03,3.914053513427521466e+03,0.000000000000000000e+00
9.000000000000000000e+01,3.914053513427521466e+03,4.009640938562641168e+03,0.000000000000000000e+00
9.000000000000000000e+01,4.009640938562641168e+03,4.105228363697760869e+03,1.923755103195187655e-18
9.000000000000000000e+01,4.105228363697760869e+03,4.200815788832879662e+03,0.000000000000000000e+00
9.000000000000000000e+01,4.200815788832879662e+03,4.296403213967999363e+03,0.000000000000000000e+00
9.000000000000000000e+01,4.296403213967999363e+03,4.391990639103119065e+03,9.613674647590904245e-05
9.000000000000000000e+01,4.391990639103119065e+03,4.487578064238237857e+03,4.758667420976229090e-04
9.000000000000000000e+01,4.487578064238237857e+03,4.583165489373357559e+03,1.290809103268441942e-03
9.000000000000000000e+01,4.583165489373357559e+03,4.678752914508477261e+03,2.655214104967066214e-03
9.000000000000000000e+01,4.678752914508477261e+03,4.774340339643596963e+03,4.644658894537057568e-03
9.000000000000000000e+01,4.774340339643596963e+03,4.869927764778715755e+03,7.294420683060979550e-03
9.000000000000000000e+01,4.869927764778715755e+03,4.965515189913835457e+03,1.067897047222943555e-02
9.000000000000000000e+01,4.965515189913835457e+03,5.061102615048955158e+03,1.491530954010750545e-02
9.000000000000000000e+01,5.061102615048955158e+03,5.156690040184073951e+03,2.005621807937129492e-02
9.000000000000000000e+01,5.156690040184073951e+03,5.252277465319193652e+03,2.602158177537206712e-02
9.000000000000000000e+01,5.252277465319193652e+03,5.347864890454313354e+03,3.261076684960108329e-02
9.000000000000000000e+01,5.347864890454313354e+03,5.443452315589432146e+03,3.948618121356226723e-02
9.000000000000000000e+01,5.443452315589432146e+03,5.539039740724551848e+03,4.624126469685670149e-02
9.000000000000000000e+01,5.539039740724551848e+03,5.634627165859671550e+03,5.245221420664592654e-02
9.000000000000000000e+01,5.634627165859671550e+03,5.730214590994791251e+03,5.772717665216157978e-02
9.000000000000000000e+01,5.730214590994791251e+03,5.825802016129910044e+03,6.163304497113838293e-02
9.000000000000000000e+01,5.825802016129910044e+03,5.921389441265029745e+03,6.384845259974331055e-02
9.000000000000000000e+01,5.921389441265029745e+03,6.016976866400149447e+03,6.430799786786618732e-02
9.000000000000000000e+01,6.016976866400149447e+03,6.112564291535269149e+03,6.310870066819930513e-02
9.000000000000000000e+01,6.112564291535269149e+03,6.208151716670387941e+03,6.038633204713397817e-02
9.000000000000000000e+01,6.208151716670387941e+03,6.303739141805507643e+03,5.635679937753558522e-02
9.000000000000000000e+01,6.303739141805507643e+03,6.399326566940627345e+03,5.138336145503766272e-02
9.000000000000000000e+01,6.399326566940627345e+03,6.494913992075746137e+03,4.591273507389529579e-02
9.000000000000000000e+01,6.494913992075746137e+03,6.590501417210865839e+03,4.036958364125389775e-02
9.000000000000000000e+01,6.590501417210865839e+03,6.686088842345985540e+03,3.494896328852476614e-02
9.000000000000000000e+01,6.686088842345985540e+03,6.781676267481105242e+03,2.973707253318056895e-02
9.000000000000000000e+01,6.781676267481105242e+03,6.877263692616224034e+03,2.486410460054091012e-02
9.000000000000000000e+01,6.877263692616224034e+03,6.972851117751343736e+03,2.043095418111504774e-02
9.000000000000000000e+01,6.972851117751343736e+03,7.068438542886463438e+03,1.645543771462386340e-02
9.000000000000000000e+01,7.068438542886463438e+03,7.164025968021582230e+03,1.286051245430295739e-02
9.000000000000000000e+01,7.164025968021582230e+03,7.259613393156701932e+03,9.682227094695902009e-03
9.000000000000000000e+01,7.259613393156701932e+03,7.355200818291821633e+03,7.012648672249988113e-03
9.000000000000000000e+01,7.355200818291821633e+03,7.450788243426940426e+03,4.938263257584554408e-03
9.000000000000000000e+01,7.450788243426940426e+03,7.546375668562060127e+03,3.499546979382989285e-03
9.000000000000000000e+01,7.546375668562060127e+03,7.641963093697179829e+03,2.645159150541214269e-03
9.000000000000000000e+01,7.641963093697179829e+03,7.737550518832299531e+03,2.206364720986137267e-03
9.000000000000000000e+01,7.737550518832299531e+03,7.833137943967418323e+03,1.924668240921459253e-03
9.000000000000000000e+01,7.833137943967418323e+03,7.928725369102538025e+03,1.643376442976501612e-03
9.000000000000000000e+01,7.928725369102538025e+03,8.024312794237657727e+03,1.304519687481925632e-03
9.000000000000000000e+01,8.024312794237657727e+03,8.119900219372776519e+03,9.199674979255229122e-04
9.000000000000000000e+01,8.119900219372776519e+03,8.215487644507895311e+03,5.428020465385738824e-04
9.000000000000000000e+01,8.215487644507895311e+03,8.311075069643015013e+03,2.384996743218520811e-04
9.000000000000000000e+01,8.311075069643015013e+03,8.406662494778134715e+03,5.624999689518190584e-05
9.000000000000000000e+01,8.406662494778134715e+03,8.502249919913254416e+03,0.000000000000000000e+00
9.000000000000000000e+01,8.502249919913254416e+03,8.597837345048374118e+03,0.000000000000000000e+00
9.000000000000000000e+01,8.597837345048374118e+03,8.693424770183493820e+03,8.164847332602149548e-18
9.000000000000000000e+01,8.693424770183493820e+03,8.789012195318611703e+03,0.000000000000000000e+00
9.000000000000000000e+01,8.789012195318611703e+03,8.884599620453731404e+03,7.944577192552636716e-18
9.000000000000000000e+01,8.884599620453731404e+03,8.980187045588851106e+03,0.000000000000000000e+00
9.000000000000000000e+01,8.980187045588851106e+03,9.075774470723970808e+03,8.332349228796991372e-18
9.000000000000000000e+01,9.075774470723970808e+03,9.171361895859090509e+03,0.000000000000000000e+00
9.000000000000000000e+01,9.171361895859090509e+03,9.266949320994210211e+03,1.674447758629533866e-18
9.000000000000000000e+01,9.266949320994210211e+03,9.362536746129329913e+03,1.171053130963402330e-17
9.000000000000000000e+01,9.362536746129329913e+03,9.458124171264447796e+03,0.000000000000000000e+00
9.000000000000000000e+01,9.458124171264447796e+03,9.553711596399567497e+03,6.507307253153102036e-19
9.000000000000000000e+01,9.553711596399567497e+03,9.649299021534687199e+03,0.000000000000000000e+00
9.000000000000000000e+01,9.649299021534687199e+03,9.744886446669806901e+03,0.000000000000000000e+00
9.000000000000000000e+01,9.744886446669806901e+03,9.840473871804926603e+03,1.026413956963089620e-17
9.000000000000000000e+01,9.840473871804926603e+03,9.936061296940046304e+03,6.397006862614510395e-18
9.000000000000000000e+01,9.936061296940046304e+03,1.003164872207516419e+04,0.000000000000000000e+00
9.000000000000000000e+01,1.003164872207516419e+04,1.012723614721028389e+04,0.000000000000000000e+00
9.000000000000000000e+01,1.012723614721028389e+04,1.022282357234540359e+04,0.000000000000000000e+00
9.000000000000000000e+01,1.022282357234540359e+04,1.031841099748052329e+04,2.014588375393438508e-17
9.000000000000000000e+01,1.031841099748052329e+04,1.041399842261564299e+04,8.838305054071542507e-19
9.000000000000000000e+01,1.041399842261564299e+04,1.050958584775076088e+04,6.171927288524802363e-18
9.000000000000000000e+01,1.050958584775076088e+04,1.060517327288588058e+04,1.577264020232628468e-17
9.000000000000000000e+01,1.060517327288588058e+04,1.070076069802100028e+04,1.682982265862572102e-17
9.000000000000000000e+01,1.070076069802100028e+04,1.079634812315611998e+04,0.000000000000000000e+00
9.000000000000000000e+01,1.079634812315611998e+04,1.089193554829123968e+04,0.000000000000000000e+00
9.000000000000000000e+01,1.089193554829123968e+04,1.098752297342635939e+04,0.000000000000000000e+00
9.000000000000000000e+01,1.098752297342635939e+04,1.108311039856147909e+04,4.017728527912760526e-17
9.000000000000000000e+01,1.108311039856147909e+04,1.117869782369659697e+04,0.000000000000000000e+00
9.000000000000000000e+01,1.117869782369659697e+04,1.127428524883171667e+04,3.732432418052524535e-17
9.000000000000000000e+01,1.127428524883171667e+04,1.136987267396683637e+04,0.000000000000000000e+00
9.000000000000000000e+01,1.136987267396683637e+04,1.146546009910195608e+04,0.000000000000000000e+00
9.000000000000000000e+01,1.146546009910195608e+04,1.156104752423707578e+04,2.676895848660234315e-17
9.000000000000000000e+01,1.156104752423707578e+04,1.165663494937219548e+04,0.000000000000000000e+00
9.000000000000000000e+01,1.165663494937219548e+04,1.175222237450731518e+04,3.014311979750225343e-18
9.000000000000000000e+01,1.175222237450731518e+04,1.184780979964243306e+04,2.028864631941712132e-17
9.000000000000000000e+01,1.184780979964243306e+04,1.194339722477755276e+04,0.000000000000000000e+00
9.000000000000000000e+01,1.194339722477755276e+04,1.203898464991267247e+04,0.000000000000000000e+00
9.000000000000000000e+01,1.203898464991267247e+04,1.213457207504779217e+04,2.419986174483270373e-18
9.000000000000000000e+01,1.213457207504779217e+04,1.223015950018291187e+04,0.000000000000000000e+00
9.000000000000000000e+01,1.223015950018291187e+04,1.232574692531803157e+04,0.000000000000000000e+00
9.000000000000000000e+01,1.232574692531803157e+04,1.242133435045315127e+04,0.000000000000000000e+00
9.000000000000000000e+01,1.242133435045315127e+04,1.251692177558826916e+04,7.467912449453409371e-17
9.000000000000000000e+01,1.251692177558826916e+04,1.261250920072338886e+04,0.000000000000000000e+00
9.000000000000000000e+01,1.261250920072338886e+04,1.270809662585850856e+04,0.000000000000000000e+00
9.000000000000000000e+01,1.270809662585850856e+04,1.280368405099362826e+04,2.780396155177139781e-17
9.000000000000000000e+01,1.280368405099362826e+04,1.289927147612874796e+04,3.973706212642710216e-17
9.000000000000000000e+01,1.289927147612874796e+04,1.299485890126386766e+04,0.000000000000000000e+00
9.000000000000000000e+01,1.299485890126386766e+04,1.309044632639898555e+04,0.000000000000000000e+00
9.000000000000000000e+01,1.309044632639898555e+04,1.318603375153410525e+04,6.571390198301654763e-18
9.000000000000000000e+01,1.318603375153410525e+04,1.328162117666922495e+04,2.823480636975796222e-17
1.200000000000000000e+02,1.814855486863992837e+03,1.910639526448481320e+03,8.878759587390235088e-19
1.200000000000000000e+02,1.910639526448481320e+03,2.006423566032969802e+03,1.084626423555394841e-18
1.200000000000000000e+02,2.006423566032969802e+03,2.102207605617458285e+03,0.000000000000000000e+00
1.200000000000000000e+02,2.102207605617458285e+03,2.197991645201946994e+03,3.796559471553840730e-19
1.200000000000000000e+02,2.197991645201946994e+03,2.293775684786435704e+03,0.000000000000000000e+00
1.200000000000000000e+02,2.293775684786435704e+03,2.389559724370923959e+03,2.015510619151866920e-18
1.200000000000000000e+02,2.389559724370923959e+03,2.485343763955412669e+03,4.082893723660023086e-19
1.200000000000000000e+02,2.485343763955412669e+03,2.581127803539900924e+03,1.639186902354064625e-18
1.200000000000000000e+02,2.581127803539900924e+03,2.676911843124389634e+03,6.845233378022571657e-19
1.200000000000000000e+02,2.676911843124389634e+03,2.772695882708878344e+03,0.000000000000000000e+00
1.200000000000000000e+02,2.772695882708878344e+03,2.868479922293366599e+03,2.972155800180378277e-19
1.200000000000000000e+02,2.868479922293366599e+03,2.964263961877854854e+03,9.084485690363424963e-20
1.200000000000000000e+02,2.964263961877854854e+03,3.060048001462343564e+03,2.634526146460573312e-19
1.200000000000000000e+02,3.060048001462343564e+03,3.155832041046832273e+03,0.000000000000000000e+00
1.200000000000000000e+02,3.155832041046832273e+03,3.251616080631320983e+03,0.000000000000000000e+00
1.200000000000000000e+02,3.251616080631320983e+03,3.347400120215809238e+03,1.275757255232047196e-06
1.200000000000000000e+02,3.347400120215809238e+03,3.443184159800297493e+03,1.180848401266054903e-05
1.200000000000000000e+02,3.443184159800297493e+03,3.538968199384786203e+03,3.189225042178449738e-05
1.200000000000000000e+02,3.538968199384786203e+03,3.634752238969274913e+03,5.760923465053061098e-05
1.200000000000000000e+02,3.634752238969274913e+03,3.730536278553763623e+03,8.410784909606509180e-05
1.200000000000000000e+02,3.730536278553763623e+03,3.826320318138251878e+03,1.090103880437127916e-04
1.200000000000000000e+02,3.826320318138251878e+03,3.922104357722740133e+03,1.357734345592939609e-04
1.200000000000000000e+02,3.922104357722740133e+03,4.017888397307228843e+03,1.770442490303503040e-04
1.200000000000000000e+02,4.017888397307228843e+03,4.113672436891717552e+03,2.579787083648961616e-04
1.200000000000000000e+02,4.113672436891717552e+03,4.209456476476206262e+03,4.196716129006591942e-04
1.200000000000000000e+02,4.209456476476206262e+03,4.305240516060694063e+03,7.225075580776696340e-04
1.200000000000000000e+02,4.305240516060694063e+03,4.401024555645182772e+03,1.249506531464369746e-03
1.200000000000000000e+02,4.401024555645182772e+03,4.496808595229671482e+03,2.109707643727663784e-03
1.200000000000000000e+02,4.496808595229671482e+03,4.592592634814160192e+03,3.441533480998089541e-03
1.200000000000000000e+02,4.592592634814160192e+03,4.688376674398648902e+03,5.416156472439028965e-03
1.200000000000000000e+02,4.688376674398648902e+03,4.784160713983136702e+03,8.196172773522993754e-03
1.200000000000000000e+02,4.784160713983136702e+03,4.879944753567625412e+03,1.168351435233787317e-02
1.200000000000000000e+02,4.879944753567625412e+03,4.975728793152114122e+03,1.563468742913337942e-02
1.200000000000000000e+02,4.975728793152114122e+03,5.071512832736602832e+03,1.991350774186841088e-02
1.200000000000000000e+02,5.071512832736602832e+03,5.167296872321091541e+03,2.443939552052407441e-02
1.200000000000000000e+02,5.167296872321091541e+03,5.263080911905579342e+03,2.925384647916114481e-02
1.200000000000000000e+02,5.263080911905579342e+03,5.358864951490068051e+03,3.446341641837993158e-02
1.200000000000000000e+02,5.358864951490068051e+03,5.454648991074556761e+03,3.993570652844408847e-02
1.200000000000000000e+02,5.454648991074556761e+03,5.550433030659045471e+03,4.519853669507425259e-02
1.200000000000000000e+02,5.550433030659045471e+03,5.646217070243534181e+03,4.966504039565557138e-02
1.200000000000000000e+02,5.646217070243534181e+03,5.742001109828021981e+03,5.293011936332429196e-02
1.200000000000000000e+02,5.742001109828021981e+03,5.837785149412510691e+03,5.489739245448439775e-02
1.200000000000000000e+02,5.837785149412510691e+03,5.933569188996999401e+03,5.569588362305234741e-02
1.200000000000000000e+02,5.933569188996999401e+03,6.029353228581488111e+03,5.555787018421778217e-02
1.200000000000000000e+02,6.029353228581488111e+03,6.125137268165976820e+03,5.454095897942615873e-02
1.200000000000000000e+02,6.125137268165976820e+03,6.220921307750465530e+03,5.255266590523989534e-02
1.200000000000000000e+02,6.220921307750465530e+03,6.316705347334953331e+03,4.961386643796285301e-02
1.200000000000000000e+02,6.316705347334953331e+03,6.412489386919442040e+03,4.592402249117977925e-02
1.200000000000000000e+02,6.412489386919442040e+03,6.508273426503930750e+03,4.187012414153400142e-02
1.200000000000000000e+02,6.508273426503930750e+03,6.604057466088419460e+03,3.783037380979872161e-02
1.200000000000000000e+02,6.604057466088419460e+03,6.699841505672908170e+03,3.388065215014118836e-02
1.200000000000000000e+02,6.699841505672908170e+03,6.795625545257395970e+03,2.995501742486204530e-02
1.200000000000000000e+02,6.795625545257395970e+03,6.891409584841884680e+03,2.603814832654126679e-02
1.200000000000000000e+02,6.891409584841884680e+03,6.987193624426373390e+03,2.220391511856657785e-02
1.200000000000000000e+02,6.987193624426373390e+03,7.082977664010862100e+03,1.859067840170419705e-02
1.200000000000000000e+02,7.082977664010862100e+03,7.178761703595350809e+03,1.529237277591313435e-02
1.200000000000000000e+02,7.178761703595350809e+03,7.274545743179838610e+03,1.237410257492714723e-02
1.200000000000000000e+02,7.274545743179838610e+03,7.370329782764327319e+03,9.970489904186172897e-03
1.200000000000000000e+02,7.370329782764327319e+03,7.466113822348816029e+03,8.110755566098779706e-03
1.200000000000000000e+02,7.466113822348816029e+03,7.561897861933304739e+03,6.631632951481509185e-03
1.200000000000000000e+02,7.561897861933304739e+03,7.657681901517793449e+03,5.425506244660418739e-03
1.200000000000000000e+02,7.657681901517793449e+03,7.753465941102281249e+03,4.408484791798652526e-03
1.200000000000000000e+02,7.753465941102281249e+03,7.849249980686769959e+03,3.508571900354461818e-03
1.200000000000000000e+02,7.849249980686769959e+03,7.945034020271258669e+03,2.737351237128023227e-03
1.200000000000000000e+02,7.945034020271258669e+03,8.040818059855747379e+03,2.095627330055613996e-03
1.200000000000000000e+02,8.040818059855747379e+03,8.136602099440236088e+03,1.561018821946515362e-03
1.200000000000000000e+02,8.136602099440236088e+03,8.232386139024723889e+03,1.125603113927339544e-03
1.200000000000000000e+02,8.232386139024723889e+03,8.328170178609212599e+03,7.793610671417769550e-04
1.200000000000000000e+02,8.328170178609212599e+03,8.423954218193701308e+03,5.122310823109716598e-04
1.200000000000000000e+02,8.423954218193701308e+03,8.519738257778190018e+03,3.140966040028353597e-04
1.200000000000000000e+02,8.519738257778190018e+03,8.615522297362678728e+03,1.747904675900956021e-04
1.200000000000000000e+02,8.615522297362678728e+03,8.711306336947165619e+03,8.407295990914120519e-05
1.200000000000000000e+02,8.711306336947165619e+03,8.807090376531654329e+03,3.162356318438354011e-05
1.200000000000000000e+02,8.807090376531654329e+03,8.902874416116143038e+03,7.058020853302239313e-06
1.200000000000000000e+02,8.902874416116143038e+03,8.998658455700631748e+03,0.000000000000000000e+00
1.200000000000000000e+02,8.998658455700631748e+03,9.094442495285120458e+03,2.861598053167537046e-20
1.200000000000000000e+02,9.094442495285120458e+03,9.190226534869609168e+03,2.396733245956316715e-08
1.200000000000000000e+02,9.190226534869609168e+03,9.286010574454097878e+03,3.197986595748659859e-08
1.200000000000000000e+02,9.286010574454097878e+03,9.381794614038586587e+03,7.502973145945180452e-09
1.200000000000000000e+02,9.381794614038586587e+03,9.477578653623075297e+03,7.700682162409642504e-09
1.200000000000000000e+02,9.477578653623075297e+03,9.573362693207564007e+03,1.967980997554884601e-08
1.200000000000000000e+02,9.573362693207564007e+03,9.669146732792050898e+03,4.068666619657718133e-08
1.200000000000000000e+02,9.669146732792050898e+03,9.764930772376539608e+03,8.127193633449380805e-08
1.200000000000000000e+02,9.764930772376539608e+03,9.860714811961028317e+03,9.732563223501348264e-08
1.200000000000000000e+02,9.860714811961028317e+03,9.956498851545517027e+03,1.139299018358510403e-07
1.200000000000000000e+02,9.956498851545517027e+03,1.005228289113000574e+04,1.169280518366923819e-07
1.200000000000000000e+02,1.005228289113000574e+04,1.014806693071449445e+04,7.034731540877485022e-08
1.200000000000000000e+02,1.014806693071449445e+04,1.024385097029898316e+04,8.010270685996396888e-08
1.200000000000000000e+02,1.024385097029898316e+04,1.033963500988347187e+04,1.239780413118630687e-07
1.200000000000000000e+02,1.033963500988347187e+04,1.043541904946796058e+04,1.745837843705595841e-07
1.200000000000000000e+02,1.043541904946796058e+04,1.053120308905244929e+04,2.585278701459394115e-07
1.200000000000000000e+02,1.053120308905244929e+04,1.062698712863693800e+04,3.228099991872869386e-07
1.200000000000000000e+02,1.062698712863693800e+04,1.072277116822142671e+04,3.569005926769565166e-07
1.200000000000000000e+02,1.072277116822142671e+04,1.081855520780591360e+04,3.557162679939455936e-07
1.200000000000000000e+02,1.081855520780591360e+04,1.091433924739040231e+04,2.894607298070077785e-07
1.200000000000000000e+02,1.091433924739040231e+04,1.101012328697489102e+04,1.559920856602560435e-07
1.200000000000000000e+02,1.101012328697489102e+04,1.110590732655937973e+04,8.709923196409121521e-08
1.200000000000000000e+02,1.110590732655937973e+04,1.120169136614386844e+04,1.345491037712397765e-07
1.200000000000000000e+02,1.120169136614386844e+04,1.129747540572835715e+04,2.727351812806969065e-07
1.200000000000000000e+02,1.129747540572835715e+04,1.139325944531284586e+04,4.557684679490659622e-07
1.200000000000000000e+02,1.139325944531284586e+04,1.148904348489733457e+04,6.638174346826518377e-07
1.200000000000000000e+02,1.148904348489733457e+04,1.158482752448182327e+04,9.087010854038138479e-07
1.200000000000000000e+02,1.158482752448182327e+04,1.168061156406631198e+04,1.212586173666369470e-06
1.200000000000000000e+02,1.168061156406631198e+04,1.177639560365079888e+04,1.561813544148474525e-06
1.200000000000000000e+02,1.177639560365079888e+04,1.187217964323528759e+04,2.043856690013874661e-06
1.200000000000000000e+02,1.187217964323528759e+04,1.196796368281977630e+04,2.638100930338135106e-06
1.200000000000000000e+02,1.196796368281977630e+04,1.206374772240426501e+04,3.320277956819754966e-06
1.200000000000000000e+02,1.206374772240426501e+04,1.215953176198875371e+04,4.036618439902970261e-06
1.200000000000000000e+02,1.215953176198875371e+04,1.225531580157324242e+04,4.791997957722178732e-06
1.200000000000000000e+02,1.225531580157324242e+04,1.235109984115773113e+04,5.667347874184502999e-06
1.200000000000000000e+02,1.235109984115773113e+04,1.244688388074221984e+04,6.642885305582076717e-06
1.200000000000000000e+02,1.244688388074221984e+04,1.254266792032670855e+04,7.728613288399708840e-06
1.200000000000000000e+02,1.254266792032670855e+04,1.263845195991119726e+04,8.965452406924788356e-06
1.200000000000000000e+02,1.263845195991119726e+04,1.273423599949568415e+04,1.038470334544317233e-05
1.200000000000000000e+02,1.273423599949568415e+04,1.283002003908017286e+04,1.199907786066842649e-05
1.200000000000000000e+02,1.283002003908017286e+04,1.292580407866466157e+04,1.373057676704325500e-05
1.200000000000000000e+02,1.292580407866466157e+04,1.302158811824915028e+04,1.556141543276284535e-05
1.200000000000000000e+02,1.302158811824915028e+04,1.311737215783363899e+04,1.752613944476984299e-05
1.200000000000000000e+02,1.311737215783363899e+04,1.321315619741812770e+04,1.952179922203925569e-05
1.200000000000000000e+02,1.321315619741812770e+04,1.330894023700261641e+04,2.156689595952596467e-05
1.800000000000000000e+02,1.822329143394095354e+03,1.918507625962117118e+03,0.000000000000000000e+00
1.800000000000000000e+02,1.918507625962117118e+03,2.014686108530138881e+03,1.368654711030929281e-17
1.800000000000000000e+02,2.014686108530138881e+03,2.110864591098160417e+03,1.765763474111784097e-18
1.800000000000000000e+02,2.110864591098160417e+03,2.207043073666181954e+03,0.000000000000000000e+00
1.800000000000000000e+02,2.207043073666181954e+03,2.303221556234203945e+03,3.927251775111751372e-18
1.800000000000000000e+02,2.303221556234203945e+03,2.399400038802225481e+03,5.951797500204485854e-18
1.800000000000000000e+02,2.399400038802225481e+03,2.495578521370247472e+03,0.000000000000000000e+00
1.800000000000000000e+02,2.495578521370247472e+03,2.591757003938269008e+03,0.000000000000000000e+00
1.800000000000000000e+02,2.591757003938269008e+03,2.687935486506290545e+03,5.396969005936284213e-19
1.800000000000000000e+02,2.687935486506290545e+03,2.784113969074312536e+03,3.816111854376699420e-18
1.800000000000000000e+02,2.784113969074312536e+03,2.880292451642334072e+03,8.216739859464957523e-18
1.800000000000000000e+02,2.880292451642334072e+03,2.976470934210356063e+03,0.000000000000000000e+00
1.800000000000000000e+02,2.976470934210356063e+03,3.072649416778377599e+03,3.052482373575396234e-18
1.800000000000000000e+02,3.072649416778377599e+03,3.168827899346399136e+03,2.045527441897995465e-18
1.800000000000000000e+02,3.168827899346399136e+03,3.265006381914420672e+03,1.938115394933842271e-18
1.800000000000000000e+02,3.265006381914420672e+03,3.361184864482442663e+03,0.000000000000000000e+00
1.800000000000000000e+02,3.361184864482442663e+03,3.457363347050464654e+03,1.848197588988463199e-18
1.800000000000000000e+02,3.457363347050464654e+03,3.553541829618486190e+03,0.000000000000000000e+00
1.800000000000000000e+02,3.553541829618486190e+03,3.649720312186507726e+03,2.970094227446144904e-18
1.800000000000000000e+02,3.649720312186507726e+03,3.745898794754529263e+03,8.383564229576895234e-05
1.800000000000000000e+02,3.745898794754529263e+03,3.842077277322551254e+03,2.982653408435975728e-04
1.800000000000000000e+02,3.842077277322551254e+03,3.938255759890572790e+03,6.534074623480612583e-04
1.800000000000000000e+02,3.938255759890572790e+03,4.034434242458594781e+03,1.140548872615851882e-03
1.800000000000000000e+02,4.034434242458594781e+03,4.130612725026616317e+03,1.750452725526250837e-03
1.800000000000000000e+02,4.130612725026616317e+03,4.226791207594637854e+03,2.491211867978188575e-03
1.800000000000000000e+02,4.226791207594637854e+03,4.322969690162659390e+03,3.406765179843990361e-03
1.800000000000000000e+02,4.322969690162659390e+03,4.419148172730681836e+03,4.594850779513198064e-03
1.800000000000000000e+02,4.419148172730681836e+03,4.515326655298702462e+03,6.203002544928279578e-03
1.800000000000000000e+02,4.515326655298702462e+03,4.611505137866724908e+03,8.319415691052503559e-03
1.800000000000000000e+02,4.611505137866724908e+03,4.707683620434746445e+03,1.092710529867691599e-02
1.800000000000000000e+02,4.707683620434746445e+03,4.803862103002767981e+03,1.401815976722374339e-02
1.800000000000000000e+02,4.803862103002767981e+03,4.900040585570790427e+03,1.750001617389044389e-02
1.800000000000000000e+02,4.900040585570790427e+03,4.996219068138811053e+03,2.120343119109302163e-02
1.800000000000000000e+02,4.996219068138811053e+03,5.092397550706833499e+03,2.495568849107367496e-02
1.800000000000000000e+02,5.092397550706833499e+03,5.188576033274855035e+03,2.867196569792371252e-02
1.800000000000000000e+02,5.188576033274855035e+03,5.284754515842876572e+03,3.220198173335281355e-02
1.800000000000000000e+02,5.284754515842876572e+03,5.380932998410899017e+03,3.543996525630876970e-02
1.800000000000000000e+02,5.380932998410899017e+03,5.477111480978919644e+03,3.842073347837336728e-02
1.800000000000000000e+02,5.477111480978919644e+03,5.573289963546942090e+03,4.111608895001498537e-02
1.800000000000000000e+02,5.573289963546942090e+03,5.669468446114963626e+03,4.341623691355318837e-02
1.800000000000000000e+02,5.669468446114963626e+03,5.765646928682985163e+03,4.510768448869210273e-02
1.800000000000000000e+02,5.765646928682985163e+03,5.861825411251007608e+03,4.593910656389790098e-02
1.800000000000000000e+02,5.861825411251007608e+03,5.958003893819028235e+03,4.589907326206942029e-02
1.800000000000000000e+02,5.958003893819028235e+03,6.054182376387050681e+03,4.523456311262170210e-02
1.800000000000000000e+02,6.054182376387050681e+03,6.150360858955071308e+03,4.414505915500935296e-02
1.800000000000000000e+02,6.150360858955071308e+03,6.246539341523093753e+03,4.269996100324729982e-02
1.800000000000000000e+02,6.246539341523093753e+03,6.342717824091116199e+03,4.096665656909623254e-02
1.800000000000000000e+02,6.342717824091116199e+03,6.438896306659136826e+03,3.897524695543226614e-02
1.800000000000000000e+02,6.438896306659136826e+03,6.535074789227159272e+03,3.670816606584771657e-02
1.800000000000000000e+02,6.535074789227159272e+03,6.631253271795179899e+03,3.413924284757990923e-02
1.800000000000000000e+02,6.631253271795179899e+03,6.727431754363202344e+03,3.132616233422717139e-02
1.800000000000000000e+02,6.727431754363202344e+03,6.823610236931224790e+03,2.838163907208313477e-02
1.800000000000000000e+02,6.823610236931224790e+03,6.919788719499245417e+03,2.538446390074108189e-02
1.800000000000000000e+02,6.919788719499245417e+03,7.015967202067267863e+03,2.243965723775421389e-02
1.800000000000000000e+02,7.015967202067267863e+03,7.112145684635288490e+03,1.961679065756074397e-02
1.800000000000000000e+02,7.112145684635288490e+03,7.208324167203310935e+03,1.709233214518151092e-02
1.800000000000000000e+02,7.208324167203310935e+03,7.304502649771333381e+03,1.506493740974435176e-02
1.800000000000000000e+02,7.304502649771333381e+03,7.400681132339354008e+03,1.349306267964350652e-02
1.800000000000000000e+02,7.400681132339354008e+03,7.496859614907376454e+03,1.205989735163534755e-02
1.800000000000000000e+02,7.496859614907376454e+03,7.593038097475397080e+03,1.046292583393069325e-02
1.800000000000000000e+02,7.593038097475397080e+03,7.689216580043419526e+03,8.704479075631483057e-03
1.800000000000000000e+02,7.689216580043419526e+03,7.785395062611441972e+03,7.013853598149208564e-03
1.800000000000000000e+02,7.785395062611441972e+03,7.881573545179462599e+03,5.598575826173744600e-03
1.800000000000000000e+02,7.881573545179462599e+03,7.977752027747485045e+03,4.563630609950422579e-03
1.800000000000000000e+02,7.977752027747485045e+03,8.073930510315505671e+03,3.811280668832189508e-03
1.800000000000000000e+02,8.073930510315505671e+03,8.170108992883528117e+03,3.237038990008721511e-03
1.800000000000000000e+02,8.170108992883528117e+03,8.266287475451550563e+03,2.789997674863765788e-03
1.800000000000000000e+02,8.266287475451550563e+03,8.362465958019571190e+03,2.339124637765982104e-03
1.800000000000000000e+02,8.362465958019571190e+03,8.458644440587593635e+03,1.842592177574491888e-03
1.800000000000000000e+02,8.458644440587593635e+03,8.554822923155614262e+03,1.429243851312014119e-03
1.800000000000000000e+02,8.554822923155614262e+03,8.651001405723636708e+03,1.184509570467562117e-03
1.800000000000000000e+02,8.651001405723636708e+03,8.747179888291659154e+03,1.058699713242448361e-03
1.800000000000000000e+02,8.747179888291659154e+03,8.843358370859679781e+03,9.777242108943700206e-04
1.800000000000000000e+02,8.843358370859679781e+03,8.939536853427702226e+03,8.957940831935121877e-04
1.800000000000000000e+02,8.939536853427702226e+03,9.035715335995722853e+03,7.900903530776857064e-04
1.800000000000000000e+02,9.035715335995722853e+03,9.131893818563745299e+03,6.558142458527960270e-04
1.800000000000000000e+02,9.131893818563745299e+03,9.228072301131765926e+03,5.012804469601158351e-04
1.800000000000000000e+02,9.228072301131765926e+03,9.324250783699788371e+03,3.427716716379836884e-04
1.800000000000000000e+02,9.324250783699788371e+03,9.420429266267810817e+03,1.998488162554818272e-04
1.800000000000000000e+02,9.420429266267810817e+03,9.516607748835831444e+03,9.001235263570131115e-05
1.800000000000000000e+02,9.516607748835831444e+03,9.612786231403853890e+03,2.387972109433449491e-05
1.800000000000000000e+02,9.612786231403853890e+03,9.708964713971874517e+03,1.916036044948603781e-17
1.800000000000000000e+02,9.708964713971874517e+03,9.805143196539896962e+03,1.801439111224085060e-17
1.800000000000000000e+02,9.805143196539896962e+03,9.901321679107919408e+03,7.118606466995810698e-18
1.800000000000000000e+02,9.901321679107919408e+03,9.997500161675940035e+03,2.291186860810687871e-18
1.800000000000000000e+02,9.997500161675940035e+03,1.009367864424396248e+04,0.000000000000000000e+00
1.800000000000000000e+02,1.009367864424396248e+04,1.018985712681198493e+04,3.445485626993474396e-18
1.800000000000000000e+02,1.018985712681198493e+04,1.028603560938000555e+04,2.201313821323491160e-18
1.800000000000000000e+02,1.028603560938000555e+04,1.038221409194802800e+04,2.158982935387725674e-19
1.800000000000000000e+02,1.038221409194802800e+04,1.047839257451604863e+04,0.000000000000000000e+00
1.800000000000000000e+02,1.047839257451604863e+04,1.057457105708407107e+04,0.000000000000000000e+00
1.800000000000000000e+02,1.057457105708407107e+04,1.067074953965209352e+04,7.512873138589024001e-18
1.800000000000000000e+02,1.067074953965209352e+04,1.076692802222011414e+04,3.213425108619623433e-18
1.800000000000000000e+02,1.076692802222011414e+04,1.086310650478813659e+04,2.096182492619619725e-18
1.800000000000000000e+02,1.086310650478813659e+04,1.095928498735615722e+04,6.287121938447395968e-19
1.800000000000000000e+02,1.095928498735615722e+04,1.105546346992417966e+04,1.533821031439009864e-19
1.800000000000000000e+02,1.105546346992417966e+04,1.115164195249220211e+04,0.000000000000000000e+00
1.800000000000000000e+02,1.115164195249220211e+04,1.124782043506022274e+04,0.000000000000000000e+00
1.800000000000000000e+02,1.124782043506022274e+04,1.134399891762824518e+04,1.870997781227063789e-18
1.800000000000000000e+02,1.134399891762824518e+04,1.144017740019626581e+04,0.000000000000000000e+00
1.800000000000000000e+02,1.144017740019626581e+04,1.153635588276428825e+04,0.000000000000000000e+00
1.800000000000000000e+02,1.153635588276428825e+04,1.163253436533231070e+04,3.028667959825330291e-18
1.800000000000000000e+02,1.163253436533231070e+04,1.172871284790033133e+04,0.000000000000000000e+00
1.800000000000000000e+02,1.172871284790033133e+04,1.182489133046835377e+04,2.957085384563170721e-18
1.800000000000000000e+02,1.182489133046835377e+04,1.192106981303637440e+04,3.504163550890166865e-18
1.800000000000000000e+02,1.192106981303637440e+04,1.201724829560439684e+04,0.000000000000000000e+00
1.800000000000000000e+02,1.201724829560439684e+04,1.211342677817241929e+04,0.000000000000000000e+00
1.800000000000000000e+02,1.211342677817241929e+04,1.220960526074043992e+04,3.586697258267159580e-18
1.800000000000000000e+02,1.220960526074043992e+04,1.230578374330846236e+04,5.093579710830525253e-18
1.800000000000000000e+02,1.230578374330846236e+04,1.240196222587648299e+04,0.000000000000000000e+00
1.800000000000000000e+02,1.240196222587648299e+04,1.249814070844450544e+04,4.283052788088214704e-18
1.800000000000000000e+02,1.249814070844450544e+04,1.259431919101252606e+04,0.000000000000000000e+00
1.800000000000000000e+02,1.259431919101252606e+04,1.269049767358054851e+04,0.000000000000000000e+00
1.800000000000000000e+02,1.269049767358054851e+04,1.278667615614857095e+04,0.000000000000000000e+00
1.800000000000000000e+02,1.278667615614857095e+04,1.288285463871659158e+04,0.000000000000000000e+00
1.800000000000000000e+02,1.288285463871659158e+04,1.297903312128461403e+04,0.000000000000000000e+00
1.800000000000000000e+02,1.297903312128461403e+04,1.307521160385263465e+04,0.000000000000000000e+00
1.800000000000000000e+02,1.307521160385263465e+04,1.317139008642065710e+04,2.406801702156700139e-18
1.800000000000000000e+02,1.317139008642065710e+04,1.326756856898867954e+04,3.752789527284884773e-18
1.800000000000000000e+02,1.326756856898867954e+04,1.336374705155670017e+04,0.000000000000000000e+00
2.400000000000000000e+02,1.829833576777966528e+03,1.926408126663470284e+03,1.001559559030662619e-04
2.400000000000000000e+02,1.926408126663470284e+03,2.022982676548974041e+03,7.756930133415171152e-05
2.400000000000000000e+02,2.022982676548974041e+03,2.119557226434477798e+03,5.571869025656847352e-05
2.400000000000000000e+02,2.119557226434477798e+03,2.216131776319981782e+03,3.599900204365470002e-05
2.400000000000000000e+02,2.216131776319981782e+03,2.312706326205485311e+03,1.975371214421860086e-05
2.400000000000000000e+02,2.312706326205485311e+03,2.409280876090989295e+03,8.112497631336062253e-06
2.400000000000000000e+02,2.409280876090989295e+03,2.505855425976493279e+03,1.861033333779689754e-06
2.400000000000000000e+02,2.505855425976493279e+03,2.602429975861996809e+03,7.631557351244406119e-20
2.400000000000000000e+02,2.602429975861996809e+03,2.699004525747500793e+03,1.656234462106571026e-19
2.400000000000000000e+02,2.699004525747500793e+03,2.795579075633004322e+03,7.139653823776490945e-20
2.400000000000000000e+02,2.795579075633004322e+03,2.892153625518508306e+03,6.721699994751433881e-20
2.400000000000000000e+02,2.892153625518508306e+03,2.988728175404012291e+03,1.519133586362368553e-19
2.400000000000000000e+02,2.988728175404012291e+03,3.085302725289515820e+03,1.031232041781852723e-19
2.400000000000000000e+02,3.085302725289515820e+03,3.181877275175019804e+03,7.863795307265243569e-20
2.400000000000000000e+02,3.181877275175019804e+03,3.278451825060523333e+03,6.190607464988589063e-21
2.400000000000000000e+02,3.278451825060523333e+03,3.375026374946027317e+03,2.962766917590760206e-20
2.400000000000000000e+02,3.375026374946027317e+03,3.471600924831531302e+03,4.365678055670246456e-19
2.400000000000000000e+02,3.471600924831531302e+03,3.568175474717034831e+03,4.369608591483153340e-05
2.400000000000000000e+02,3.568175474717034831e+03,3.664750024602538815e+03,1.829178900907838716e-04
2.400000000000000000e+02,3.664750024602538815e+03,3.761324574488042344e+03,4.635821694685004655e-04
2.400000000000000000e+02,3.761324574488042344e+03,3.857899124373546329e+03,9.250370628508395232e-04
2.400000000000000000e+02,3.857899124373546329e+03,3.954473674259050313e+03,1.599816708746246369e-03
2.400000000000000000e+02,3.954473674259050313e+03,4.051048224144554297e+03,2.513107166157658046e-03
2.400000000000000000e+02,4.051048224144554297e+03,4.147622774030057371e+03,3.682578907818590420e-03
2.400000000000000000e+02,4.147622774030057371e+03,4.244197323915561356e+03,5.117734247448787674e-03
2.400000000000000000e+02,4.244197323915561356e+03,4.340771873801065340e+03,6.787676132685745503e-03
2.400000000000000000e+02,4.340771873801065340e+03,4.437346423686569324e+03,8.673008974119269035e-03
2.400000000000000000e+02,4.437346423686569324e+03,4.533920973572073308e+03,1.073981384552218261e-02
2.400000000000000000e+02,4.533920973572073308e+03,4.630495523457576382e+03,1.288132941871092049e-02
2.400000000000000000e+02,4.630495523457576382e+03,4.727070073343080367e+03,1.511576077579159481e-02
2.400000000000000000e+02,4.727070073343080367e+03,4.823644623228584351e+03,1.757349775214799362e-02
2.400000000000000000e+02,4.823644623228584351e+03,4.920219173114088335e+03,2.033737622301131157e-02
2.400000000000000000e+02,4.920219173114088335e+03,5.016793722999592319e+03,2.337122225209229201e-02
2.400000000000000000e+02,5.016793722999592319e+03,5.113368272885095394e+03,2.648245043387839268e-02
2.400000000000000000e+02,5.113368272885095394e+03,5.209942822770599378e+03,2.944312477591407018e-02
2.400000000000000000e+02,5.209942822770599378e+03,5.306517372656103362e+03,3.203127486118237388e-02
2.400000000000000000e+02,5.306517372656103362e+03,5.403091922541607346e+03,3.420774673355105738e-02
2.400000000000000000e+02,5.403091922541607346e+03,5.499666472427111330e+03,3.603217289585976951e-02
2.400000000000000000e+02,5.499666472427111330e+03,5.596241022312614405e+03,3.754773064408006150e-02
2.400000000000000000e+02,5.596241022312614405e+03,5.692815572198118389e+03,3.871109830548665615e-02
2.400000000000000000e+02,5.692815572198118389e+03,5.789390122083622373e+03,3.948626984358027947e-02
2.400000000000000000e+02,5.789390122083622373e+03,5.885964671969126357e+03,3.988182594631330818e-02
2.400000000000000000e+02,5.885964671969126357e+03,5.982539221854629432e+03,3.996040711182387295e-02
2.400000000000000000e+02,5.982539221854629432e+03,6.079113771740133416e+03,3.974373377420504366e-02
2.400000000000000000e+02,6.079113771740133416e+03,6.175688321625637400e+03,3.909467238989670912e-02
2.400000000000000000e+02,6.175688321625637400e+03,6.272262871511141384e+03,3.785810339974577526e-02
2.400000000000000000e+02,6.272262871511141384e+03,6.368837421396644459e+03,3.606802229366445900e-02
2.400000000000000000e+02,6.368837421396644459e+03,6.465411971282148443e+03,3.396648314470952085e-02
2.400000000000000000e+02,6.465411971282148443e+03,6.561986521167652427e+03,3.192106740545667953e-02
2.400000000000000000e+02,6.561986521167652427e+03,6.658561071053156411e+03,3.012258091762395895e-02
2.400000000000000000e+02,6.658561071053156411e+03,6.755135620938660395e+03,2.841962238378565112e-02
2.400000000000000000e+02,6.755135620938660395e+03,6.851710170824163470e+03,2.658904293336657523e-02
2.400000000000000000e+02,6.851710170824163470e+03,6.948284720709667454e+03,2.451814949298339666e-02
2.400000000000000000e+02,6.948284720709667454e+03,7.044859270595171438e+03,2.225064678189249759e-02
2.400000000000000000e+02,7.044859270595171438e+03,7.141433820480675422e+03,1.999796227023094980e-02
2.400000000000000000e+02,7.141433820480675422e+03,7.238008370366179406e+03,1.787365660394148528e-02
2.400000000000000000e+02,7.238008370366179406e+03,7.334582920251682481e+03,1.589259296757665474e-02
2.400000000000000000e+02,7.334582920251682481e+03,7.431157470137186465e+03,1.408879047097613343e-02
2.400000000000000000e+02,7.431157470137186465e+03,7.527732020022690449e+03,1.256479409225139815e-02
2.400000000000000000e+02,7.527732020022690449e+03,7.624306569908194433e+03,1.132034315682432617e-02
2.400000000000000000e+02,7.624306569908194433e+03,7.720881119793698417e+03,1.022161221448404829e-02
2.400000000000000000e+02,7.720881119793698417e+03,7.817455669679201492e+03,9.198351353617731027e-03
2.400000000000000000e+02,7.817455669679201492e+03,7.914030219564705476e+03,8.216284253658674708e-03
2.400000000000000000e+02,7.914030219564705476e+03,8.010604769450209460e+03,7.203802247243818770e-03
2.400000000000000000e+02,8.010604769450209460e+03,8.107179319335713444e+03,6.115617829704217065e-03
2.400000000000000000e+02,8.107179319335713444e+03,8.203753869221218338e+03,5.044487870704958063e-03
2.400000000000000000e+02,8.203753869221218338e+03,8.300328419106721412e+03,4.157156135122967895e-03
2.400000000000000000e+02,8.300328419106721412e+03,8.396902968992224487e+03,3.547716523162621535e-03
2.400000000000000000e+02,8.396902968992224487e+03,8.493477518877729381e+03,3.138579661416832176e-03
2.400000000000000000e+02,8.493477518877729381e+03,8.590052068763232455e+03,2.769519018409665953e-03
2.400000000000000000e+02,8.590052068763232455e+03,8.686626618648737349e+03,2.402876900641295888e-03
2.400000000000000000e+02,8.686626618648737349e+03,8.783201168534240423e+03,2.060835616520928070e-03
2.400000000000000000e+02,8.783201168534240423e+03,8.879775718419743498e+03,1.759214659679992970e-03
2.400000000000000000e+02,8.879775718419743498e+03,8.976350268305248392e+03,1.528888327881032603e-03
2.400000000000000000e+02,8.976350268305248392e+03,9.072924818190751466e+03,1.330495014257981412e-03
2.400000000000000000e+02,9.072924818190751466e+03,9.169499368076256360e+03,1.140126023254620655e-03
2.400000000000000000e+02,9.169499368076256360e+03,9.266073917961759435e+03,9.448258133708239753e-04
2.400000000000000000e+02,9.266073917961759435e+03,9.362648467847262509e+03,7.548353241540395808e-04
2.400000000000000000e+02,9.362648467847262509e+03,9.459223017732767403e+03,5.783649386663961781e-04
2.400000000000000000e+02,9.459223017732767403e+03,9.555797567618270477e+03,4.217022438215749453e-04
2.400000000000000000e+02,9.555797567618270477e+03,9.652372117503775371e+03,2.890689964675400648e-04
2.400000000000000000e+02,9.652372117503775371e+03,9.748946667389278446e+03,1.826743183066669330e-04
2.400000000000000000e+02,9.748946667389278446e+03,9.845521217274781520e+03,1.029918543890522952e-04
2.400000000000000000e+02,9.845521217274781520e+03,9.942095767160286414e+03,4.885994836196912931e-05
2.400000000000000000e+02,9.942095767160286414e+03,1.003867031704578949e+04,1.714936757134369788e-05
2.400000000000000000e+02,1.003867031704578949e+04,1.013524486693129256e+04,2.923816080471112691e-06
2.400000000000000000e+02,1.013524486693129256e+04,1.023181941681679746e+04,2.418423521933217206e-19
2.400000000000000000e+02,1.023181941681679746e+04,1.032839396670230053e+04,1.379737201742085646e-19
2.400000000000000000e+02,1.032839396670230053e+04,1.042496851658780361e+04,7.596269270215866643e-08
2.400000000000000000e+02,1.042496851658780361e+04,1.052154306647330850e+04,9.356664537477699612e-08
2.400000000000000000e+02,1.052154306647330850e+04,1.061811761635881157e+04,1.207279003841029209e-07
2.400000000000000000e+02,1.061811761635881157e+04,1.071469216624431647e+04,2.137354747392651902e-08
2.400000000000000000e+02,1.071469216624431647e+04,1.081126671612981954e+04,8.035759809373004697e-09
2.400000000000000000e+02,1.081126671612981954e+04,1.090784126601532262e+04,5.456590773990806814e-21
2.400000000000000000e+02,1.090784126601532262e+04,1.100441581590082751e+04,3.138247321916265737e-20
2.400000000000000000e+02,1.100441581590082751e+04,1.110099036578633059e+04,4.081691171698205185e-08
2.400000000000000000e+02,1.110099036578633059e+04,1.119756491567183548e+04,2.293809137812926546e-19
2.400000000000000000e+02,1.119756491567183548e+04,1.129413946555733855e+04,2.855375841356166275e-20
2.400000000000000000e+02,1.129413946555733855e+04,1.139071401544284163e+04,2.160684675071073072e-19
2.400000000000000000e+02,1.139071401544284163e+04,1.148728856532834652e+04,3.470918182909523601e-08
2.400000000000000000e+02,1.148728856532834652e+04,1.158386311521384960e+04,1.230026854676731236e-07
2.400000000000000000e+02,1.158386311521384960e+04,1.168043766509935449e+04,1.821956030138654148e-07
2.400000000000000000e+02,1.168043766509935449e+04,1.177701221498485756e+04,2.724780680797660505e-09
2.400000000000000000e+02,1.177701221498485756e+04,1.187358676487036064e+04,9.295278291176463636e-08
2.400000000000000000e+02,1.187358676487036064e+04,1.197016131475586553e+04,1.065669738074118148e-19
2.400000000000000000e+02,1.197016131475586553e+04,1.206673586464136861e+04,1.429512835197115189e-08
2.400000000000000000e+02,1.206673586464136861e+04,1.216331041452687350e+04,8.550349595622326670e-08
2.400000000000000000e+02,1.216331041452687350e+04,1.225988496441237658e+04,1.038329952021664051e-07
2.400000000000000000e+02,1.225988496441237658e+04,1.235645951429787965e+04,9.769491344092160214e-08
2.400000000000000000e+02,1.235645951429787965e+04,1.245303406418338454e+04,7.820594901498983677e-07
2.400000000000000000e+02,1.245303406418338454e+04,1.254960861406888762e+04,3.014905236567882724e-06
2.400000000000000000e+02,1.254960861406888762e+04,1.264618316395439251e+04,7.397541408191184837e-06
2.400000000000000000e+02,1.264618316395439251e+04,1.274275771383989559e+04,1.405150929668525718e-05
2.400000000000000000e+02,1.274275771383989559e+04,1.283933226372539866e+04,2.285855363153470736e-05
2.400000000000000000e+02,1.283933226372539866e+04,1.293590681361090355e+04,3.344613879204411935e-05
2.400000000000000000e+02,1.293590681361090355e+04,1.303248136349640663e+04,4.536508317637494373e-05
2.400000000000000000e+02,1.303248136349640663e+04,1.312905591338191152e+04,5.802849155414878537e-05
2.400000000000000000e+02,1.312905591338191152e+04,1.322563046326741460e+04,7.120112747544430167e-05
2.400000000000000000e+02,1.322563046326741460e+04,1.332220501315291767e+04,8.453290272254317041e-05
2.400000000000000000e+02,1.332220501315291767e+04,1.341877956303842257e+04,9.757218521546042096e-05
3.000000000000000000e+02,1.837368913756074335e+03,1.934341161982089488e+03,0.000000000000000000e+00
3.000000000000000000e+02,1.934341161982089488e+03,2.031313410208104415e+03,1.248105377366050815e-17
3.000000000000000000e+02,2.031313410208104415e+03,2.128285658434119341e+03,1.683725699446937627e-17
3.000000000000000000e+02,2.128285658434119341e+03,2.225257906660134722e+03,1.266610669165035020e-17
3.000000000000000000e+02,2.225257906660134722e+03,2.322230154886149649e+03,1.577783190452689090e-17
3.000000000000000000e+02,2.322230154886149649e+03,2.419202403112164575e+03,0.000000000000000000e+00
3.000000000000000000e+02,2.419202403112164575e+03,2.516174651338179501e+03,5.365827826605828289e-18
3.000000000000000000e+02,2.516174651338179501e+03,2.613146899564194882e+03,1.593572077330142210e-17
3.000000000000000000e+02,2.613146899564194882e+03,2.710119147790209809e+03,1.448991181492873165e-17
3.000000000000000000e+02,2.710119147790209809e+03,2.807091396016224735e+03,3.849007140406841630e-18
3.000000000000000000e+02,2.807091396016224735e+03,2.904063644242240116e+03,1.176028542476146776e-18
3.000000000000000000e+02,2.904063644242240116e+03,3.001035892468255042e+03,9.859078939961523323e-18
3.000000000000000000e+02,3.001035892468255042e+03,3.098008140694269969e+03,1.979733878108697618e-18
3.000000000000000000e+02,3.098008140694269969e+03,3.194980388920284895e+03,9.708358132087457362e-18
3.000000000000000000e+02,3.194980388920284895e+03,3.291952637146299821e+03,0.000000000000000000e+00
3.000000000000000000e+02,3.291952637146299821e+03,3.388924885372315202e+03,8.891660413133716055e-05
3.000000000000000000e+02,3.388924885372315202e+03,3.485897133598330583e+03,3.932555938290207480e-04
3.000000000000000000e+02,3.485897133598330583e+03,3.582869381824345510e+03,9.155712551929951057e-04
3.000000000000000000e+02,3.582869381824345510e+03,3.679841630050360436e+03,1.583076586812020951e-03
3.000000000000000000e+02,3.679841630050360436e+03,3.776813878276375362e+03,2.296157691574590622e-03
3.000000000000000000e+02,3.776813878276375362e+03,3.873786126502390289e+03,2.976591641680929965e-03
3.000000000000000000e+02,3.873786126502390289e+03,3.970758374728405215e+03,3.615812807381742992e-03
3.000000000000000000e+02,3.970758374728405215e+03,4.067730622954420141e+03,4.323189567716594073e-03
3.000000000000000000e+02,4.067730622954420141e+03,4.164702871180435977e+03,5.301326792959366006e-03
3.000000000000000000e+02,4.164702871180435977e+03,4.261675119406450904e+03,6.661243954613631918e-03
3.000000000000000000e+02,4.261675119406450904e+03,4.358647367632465830e+03,8.494243856816763652e-03
3.000000000000000000e+02,4.358647367632465830e+03,4.455619615858480756e+03,1.077246845745484516e-02
3.000000000000000000e+02,4.455619615858480756e+03,4.552591864084495683e+03,1.326795929287878824e-02
3.000000000000000000e+02,4.552591864084495683e+03,4.649564112310510609e+03,1.569714549301590503e-02
3.000000000000000000e+02,4.649564112310510609e+03,4.746536360536525535e+03,1.795808506111370301e-02
3.000000000000000000e+02,4.746536360536525535e+03,4.843508608762541371e+03,2.012249059151521857e-02
3.000000000000000000e+02,4.843508608762541371e+03,4.940480856988556297e+03,2.231569012911833669e-02
3.000000000000000000e+02,4.940480856988556297e+03,5.037453105214571224e+03,2.459194777861658382e-02
3.000000000000000000e+02,5.037453105214571224e+03,5.134425353440586150e+03,2.687330502343293279e-02
3.000000000000000000e+02,5.134425353440586150e+03,5.231397601666601076e+03,2.903334538752482333e-02
3.000000000000000000e+02,5.231397601666601076e+03,5.328369849892616003e+03,3.099653436780922672e-02
3.000000000000000000e+02,5.328369849892616003e+03,5.425342098118630929e+03,3.266066507906486421e-02
3.000000000000000000e+02,5.425342098118630929e+03,5.522314346344646765e+03,3.401199585086502053e-02
3.000000000000000000e+02,5.522314346344646765e+03,5.619286594570661691e+03,3.507310546593198075e-02
3.000000000000000000e+02,5.619286594570661691e+03,5.716258842796676618e+03,3.583664761511585334e-02
3.000000000000000000e+02,5.716258842796676618e+03,5.813231091022691544e+03,3.622411337958730132e-02
3.000000000000000000e+02,5.813231091022691544e+03,5.910203339248706470e+03,3.623660226166170589e-02
3.000000000000000000e+02,5.910203339248706470e+03,6.007175587474721397e+03,3.588842982662462933e-02
3.000000000000000000e+02,6.007175587474721397e+03,6.104147835700736323e+03,3.518620281251308435e-02
3.000000000000000000e+02,6.104147835700736323e+03,6.201120083926751249e+03,3.424011752354479826e-02
3.000000000000000000e+02,6.201120083926751249e+03,6.298092332152766176e+03,3.322202497272328664e-02
3.000000000000000000e+02,6.298092332152766176e+03,6.395064580378782011e+03,3.215199773523895466e-02
3.000000000000000000e+02,6.395064580378782011e+03,6.492036828604796938e+03,3.089417419976939541e-02
3.000000000000000000e+02,6.492036828604796938e+03,6.589009076830811864e+03,2.942052579797611520e-02
3.000000000000000000e+02,6.589009076830811864e+03,6.685981325056826790e+03,2.785554408111633878e-02
3.000000000000000000e+02,6.685981325056826790e+03,6.782953573282841717e+03,2.632927096703767400e-02
3.000000000000000000e+02,6.782953573282841717e+03,6.879925821508856643e+03,2.477761207000077695e-02
3.000000000000000000e+02,6.879925821508856643e+03,6.976898069734871569e+03,2.308787245593945520e-02
3.000000000000000000e+02,6.976898069734871569e+03,7.073870317960887405e+03,2.127154886824008523e-02
3.000000000000000000e+02,7.073870317960887405e+03,7.170842566186902332e+03,1.946675287277938038e-02
3.000000000000000000e+02,7.170842566186902332e+03,7.267814814412917258e+03,1.785096280586447384e-02
3.000000000000000000e+02,7.267814814412917258e+03,7.364787062638932184e+03,1.643725675477543738e-02
3.000000000000000000e+02,7.364787062638932184e+03,7.461759310864947111e+03,1.504546635095353399e-02
3.000000000000000000e+02,7.461759310864947111e+03,7.558731559090962037e+03,1.352766141346762284e-02
3.000000000000000000e+02,7.558731559090962037e+03,7.655703807316976963e+03,1.195262166316254926e-02
3.000000000000000000e+02,7.655703807316976963e+03,7.752676055542992799e+03,1.053811143262234004e-02
3.000000000000000000e+02,7.752676055542992799e+03,7.849648303769007725e+03,9.451023511753493117e-03
3.000000000000000000e+02,7.849648303769007725e+03,7.946620551995022652e+03,8.682361198969741276e-03
3.000000000000000000e+02,7.946620551995022652e+03,8.043592800221037578e+03,8.097204654832022147e-03
3.000000000000000000e+02,8.043592800221037578e+03,8.140565048447052504e+03,7.499038073864551165e-03
3.000000000000000000e+02,8.140565048447052504e+03,8.237537296673068340e+03,6.703456907978599423e-03
3.000000000000000000e+02,8.237537296673068340e+03,8.334509544899083267e+03,5.749565140771929588e-03
3.000000000000000000e+02,8.334509544899083267e+03,8.431481793125098193e+03,4.870452053516335401e-03
3.000000000000000000e+02,8.431481793125098193e+03,8.528454041351113119e+03,4.213941004368768929e-03
3.000000000000000000e+02,8.528454041351113119e+03,8.625426289577128045e+03,3.741846903553644292e-03
3.000000000000000000e+02,8.625426289577128045e+03,8.722398537803142972e+03,3.266239662084824674e-03
3.000000000000000000e+02,8.722398537803142972e+03,8.819370786029157898e+03,2.707562786724656504e-03
3.000000000000000000e+02,8.819370786029157898e+03,8.916343034255172824e+03,2.232956694830246641e-03
3.000000000000000000e+02,8.916343034255172824e+03,9.013315282481187751e+03,1.960140606406613265e-03
3.000000000000000000e+02,9.013315282481187751e+03,9.110287530707204496e+03,1.845423635353828475e-03
3.000000000000000000e+02,9.110287530707204496e+03,9.207259778933219422e+03,1.759959621092403812e-03
3.000000000000000000e+02,9.207259778933219422e+03,9.304232027159234349e+03,1.626870824809461061e-03
3.000000000000000000e+02,9.304232027159234349e+03,9.401204275385249275e+03,1.423927587820988027e-03
3.000000000000000000e+02,9.401204275385249275e+03,9.498176523611264201e+03,1.224359029541333523e-03
3.000000000000000000e+02,9.498176523611264201e+03,9.595148771837279128e+03,1.057240149434144835e-03
3.000000000000000000e+02,9.595148771837279128e+03,9.692121020063294054e+03,8.995792857937924547e-04
3.000000000000000000e+02,9.692121020063294054e+03,9.789093268289308980e+03,7.497104401695023042e-04
3.000000000000000000e+02,9.789093268289308980e+03,9.886065516515323907e+03,6.104692942593546072e-04
3.000000000000000000e+02,9.886065516515323907e+03,9.983037764741338833e+03,4.839846665117541200e-04
3.000000000000000000e+02,9.983037764741338833e+03,1.008001001296735376e+04,3.718504278804445756e-04
3.000000000000000000e+02,1.008001001296735376e+04,1.017698226119336869e+04,2.750979270769414453e-04
3.000000000000000000e+02,1.017698226119336869e+04,1.027395450941938361e+04,1.942084937884436680e-04
3.000000000000000000e+02,1.027395450941938361e+04,1.037092675764539854e+04,1.290895854999047276e-04
3.000000000000000000e+02,1.037092675764539854e+04,1.046789900587141346e+04,7.915226413077835587e-05
3.000000000000000000e+02,1.046789900587141346e+04,1.056487125409742839e+04,4.327829788856056754e-05
3.000000000000000000e+02,1.056487125409742839e+04,1.066184350232344332e+04,1.983184374720319557e-05
3.000000000000000000e+02,1.066184350232344332e+04,1.075881575054945824e+04,6.694623634812133710e-06
3.000000000000000000e+02,1.075881575054945824e+04,1.085578799877547499e+04,1.141843579579809324e-06
3.000000000000000000e+02,1.085578799877547499e+04,1.095276024700148992e+04,1.293734160206363191e-18
3.000000000000000000e+02,1.095276024700148992e+04,1.104973249522750484e+04,0.000000000000000000e+00
3.000000000000000000e+02,1.104973249522750484e+04,1.114670474345351977e+04,6.815316623639398646e-08
3.000000000000000000e+02,1.114670474345351977e+04,1.124367699167953469e+04,8.654254052512894982e-08
3.000000000000000000e+02,1.124367699167953469e+04,1.134064923990554962e+04,7.950506616872366657e-08
3.000000000000000000e+02,1.134064923990554962e+04,1.143762148813156455e+04,5.330944441271805626e-09
3.000000000000000000e+02,1.143762148813156455e+04,1.153459373635757947e+04,6.071195691944506461e-19
3.000000000000000000e+02,1.153459373635757947e+04,1.163156598458359440e+04,3.620054419079532406e-08
3.000000000000000000e+02,1.163156598458359440e+04,1.172853823280960933e+04,1.374918859268645627e-08
3.000000000000000000e+02,1.172853823280960933e+04,1.182551048103562425e+04,5.340368179538727771e-08
3.000000000000000000e+02,1.182551048103562425e+04,1.192248272926163918e+04,2.852335747848835077e-08
3.000000000000000000e+02,1.192248272926163918e+04,1.201945497748765411e+04,1.085374788602091205e-17
3.000000000000000000e+02,1.201945497748765411e+04,1.211642722571366903e+04,1.175950563498872188e-17
3.000000000000000000e+02,1.211642722571366903e+04,1.221339947393968578e+04,1.874852185657137023e-07
3.000000000000000000e+02,1.221339947393968578e+04,1.231037172216570070e+04,1.170147032787574582e-06
3.000000000000000000e+02,1.231037172216570070e+04,1.240734397039171563e+04,3.337682911638709202e-06
3.000000000000000000e+02,1.240734397039171563e+04,1.250431621861773056e+04,6.888049723192591584e-06
3.000000000000000000e+02,1.250431621861773056e+04,1.260128846684374548e+04,1.210361602932484228e-05
3.000000000000000000e+02,1.260128846684374548e+04,1.269826071506976041e+04,1.872166357361068761e-05
3.000000000000000000e+02,1.269826071506976041e+04,1.279523296329577533e+04,2.677021174879774557e-05
3.000000000000000000e+02,1.279523296329577533e+04,1.289220521152179026e+04,3.607372309054367106e-05
3.000000000000000000e+02,1.289220521152179026e+04,1.298917745974780519e+04,4.629592565743194724e-05
3.000000000000000000e+02,1.298917745974780519e+04,1.308614970797382011e+04,5.734407570333165664e-05
3.000000000000000000e+02,1.308614970797382011e+04,1.318312195619983504e+04,6.884940693899047092e-05
3.000000000000000000e+02,1.318312195619983504e+04,1.328009420442584997e+04,8.077224044662625142e-05
3.000000000000000000e+02,1.328009420442584997e+04,1.337706645265186489e+04,9.290533095691650041e-05
3.000000000000000000e+02,1.337706645265186489e+04,1.347403870087787982e+04,1.049077990443076660e-04
3.650000000000000000e+02,1.845567216943971744e+03,1.942972153393792496e+03,1.675722614730722258e-04
3.650000000000000000e+02,1.942972153393792496e+03,2.040377089843613248e+03,1.390288268367361748e-04
3.650000000000000000e+02,2.040377089843613248e+03,2.137782026293433773e+03,1.109789130605876479e-04
3.650000000000000000e+02,2.137782026293433773e+03,2.235186962743254753e+03,8.427043654405649625e-05
3.650000000000000000e+02,2.235186962743254753e+03,2.332591899193075733e+03,5.993261995305874609e-05
3.650000000000000000e+02,2.332591899193075733e+03,2.429996835642896258e+03,3.897845945755706160e-05
3.650000000000000000e+02,2.429996835642896258e+03,2.527401772092716783e+03,2.226750830254808843e-05
3.650000000000000000e+02,2.527401772092716783e+03,2.624806708542537763e+03,1.035412106017886567e-05
3.650000000000000000e+02,2.624806708542537763e+03,2.722211644992358742e+03,3.206267509706051401e-06
3.650000000000000000e+02,2.722211644992358742e+03,2.819616581442179267e+03,2.114076811651022497e-07
3.650000000000000000e+02,2.819616581442179267e+03,2.917021517891999792e+03,4.283166054280962099e-19
3.650000000000000000e+02,2.917021517891999792e+03,3.014426454341820772e+03,1.619634639547067456e-19
3.650000000000000000e+02,3.014426454341820772e+03,3.111831390791641752e+03,1.971153897752114413e-05
3.650000000000000000e+02,3.111831390791641752e+03,3.209236327241462277e+03,8.853094109810526874e-05
3.650000000000000000e+02,3.209236327241462277e+03,3.306641263691282802e+03,2.343732141824074466e-04
3.650000000000000000e+02,3.306641263691282802e+03,3.404046200141103782e+03,4.835077797493112796e-04
3.650000000000000000e+02,3.404046200141103782e+03,3.501451136590924762e+03,8.603746890540112362e-04
3.650000000000000000e+02,3.501451136590924762e+03,3.598856073040745287e+03,1.387375090412517687e-03
3.650000000000000000e+02,3.598856073040745287e+03,3.696261009490565812e+03,2.084764940938059908e-03
3.650000000000000000e+02,3.696261009490565812e+03,3.793665945940386791e+03,2.970486887260775314e-03
3.650000000000000000e+02,3.793665945940386791e+03,3.891070882390207771e+03,4.059924525372219165e-03
3.650000000000000000e+02,3.891070882390207771e+03,3.988475818840028296e+03,5.359020182071455064e-03
3.650000000000000000e+02,3.988475818840028296e+03,4.085880755289849276e+03,6.810142493460259565e-03
3.650000000000000000e+02,4.085880755289849276e+03,4.183285691739669346e+03,8.311062139665785151e-03
3.650000000000000000e+02,4.183285691739669346e+03,4.280690628189489871e+03,9.859821542975624048e-03
3.650000000000000000e+02,4.280690628189489871e+03,4.378095564639311306e+03,1.157154227411848722e-02
3.650000000000000000e+02,4.378095564639311306e+03,4.475500501089132740e+03,1.350245509831335226e-02
3.650000000000000000e+02,4.475500501089132740e+03,4.572905437538953265e+03,1.552622826692405186e-02
3.650000000000000000e+02,4.572905437538953265e+03,4.670310373988773790e+03,1.748041133103946793e-02
3.650000000000000000e+02,4.670310373988773790e+03,4.767715310438594315e+03,1.934173293930016926e-02
3.650000000000000000e+02,4.767715310438594315e+03,4.865120246888414840e+03,2.123591479849227387e-02
3.650000000000000000e+02,4.865120246888414840e+03,4.962525183338235365e+03,2.322610609823713354e-02
3.650000000000000000e+02,4.962525183338235365e+03,5.059930119788055890e+03,2.522062295479990737e-02
3.650000000000000000e+02,5.059930119788055890e+03,5.157335056237877325e+03,2.703954203292533234e-02
3.650000000000000000e+02,5.157335056237877325e+03,5.254739992687698759e+03,2.850371381295959891e-02
3.650000000000000000e+02,5.254739992687698759e+03,5.352144929137519284e+03,2.959853731581321007e-02
3.650000000000000000e+02,5.352144929137519284e+03,5.449549865587339809e+03,3.051220647657368681e-02
3.650000000000000000e+02,5.449549865587339809e+03,5.546954802037160334e+03,3.143716214784210428e-02
3.650000000000000000e+02,5.546954802037160334e+03,5.644359738486980859e+03,3.239160692644194040e-02
3.650000000000000000e+02,5.644359738486980859e+03,5.741764674936801384e+03,3.317159764256540078e-02
3.650000000000000000e+02,5.741764674936801384e+03,5.839169611386621909e+03,3.356423846767642855e-02
3.650000000000000000e+02,5.839169611386621909e+03,5.936574547836443344e+03,3.344476314300380559e-02
3.650000000000000000e+02,5.936574547836443344e+03,6.033979484286264778e+03,3.283622149789339195e-02
3.650000000000000000e+02,6.033979484286264778e+03,6.131384420736085303e+03,3.184820492662739783e-02
3.650000000000000000e+02,6.131384420736085303e+03,6.228789357185905828e+03,3.069177619478065042e-02
3.650000000000000000e+02,6.228789357185905828e+03,6.326194293635726353e+03,2.954026374478878336e-02
3.650000000000000000e+02,6.326194293635726353e+03,6.423599230085546878e+03,2.852263270894770525e-02
3.650000000000000000e+02,6.423599230085546878e+03,6.521004166535367403e+03,2.767174035878728136e-02
3.650000000000000000e+02,6.521004166535367403e+03,6.618409102985187928e+03,2.689616010356564793e-02
3.650000000000000000e+02,6.618409102985187928e+03,6.715814039435008453e+03,2.601507324753895775e-02
3.650000000000000000e+02,6.715814039435008453e+03,6.813218975884830797e+03,2.489084736621672775e-02
3.650000000000000000e+02,6.813218975884830797e+03,6.910623912334651322e+03,2.350211670988850907e-02
3.650000000000000000e+02,6.910623912334651322e+03,7.008028848784471847e+03,2.196398396957129767e-02
3.650000000000000000e+02,7.008028848784471847e+03,7.105433785234292372e+03,2.041217630810904238e-02
3.650000000000000000e+02,7.105433785234292372e+03,7.202838721684112897e+03,1.888426395110038084e-02
3.650000000000000000e+02,7.202838721684112897e+03,7.300243658133933423e+03,1.740674906697144489e-02
3.650000000000000000e+02,7.300243658133933423e+03,7.397648594583753948e+03,1.602572862207923832e-02
3.650000000000000000e+02,7.397648594583753948e+03,7.495053531033574473e+03,1.472571158915650033e-02
3.650000000000000000e+02,7.495053531033574473e+03,7.592458467483396817e+03,1.351052218164922047e-02
3.650000000000000000e+02,7.592458467483396817e+03,7.689863403933217342e+03,1.241895012200245653e-02
3.650000000000000000e+02,7.689863403933217342e+03,7.787268340383037867e+03,1.143242704644206222e-02
3.650000000000000000e+02,7.787268340383037867e+03,7.884673276832858392e+03,1.057171629526493760e-02
3.650000000000000000e+02,7.884673276832858392e+03,7.982078213282678917e+03,9.780566198578663148e-03
3.650000000000000000e+02,7.982078213282678917e+03,8.079483149732499442e+03,8.939672738902802729e-03
3.650000000000000000e+02,8.079483149732499442e+03,8.176888086182319967e+03,8.024399755021562400e-03
3.650000000000000000e+02,8.176888086182319967e+03,8.274293022632140492e+03,7.115326754033553421e-03
3.650000000000000000e+02,8.274293022632140492e+03,8.371697959081962836e+03,6.314349361997727283e-03
3.650000000000000000e+02,8.371697959081962836e+03,8.469102895531783361e+03,5.639285496654182148e-03
3.650000000000000000e+02,8.469102895531783361e+03,8.566507831981603886e+03,5.071959087458612417e-03
3.650000000000000000e+02,8.566507831981603886e+03,8.663912768431424411e+03,4.510652438982340473e-03
3.650000000000000000e+02,8.663912768431424411e+03,8.761317704881244936e+03,3.911834857455137593e-03
3.650000000000000000e+02,8.761317704881244936e+03,8.858722641331065461e+03,3.330538602418968083e-03
3.650000000000000000e+02,8.858722641331065461e+03,8.956127577780885986e+03,2.946135730602602188e-03
3.650000000000000000e+02,8.956127577780885986e+03,9.053532514230706511e+03,2.812294321168056898e-03
3.650000000000000000e+02,9.053532514230706511e+03,9.150937450680528855e+03,2.832065876206289311e-03
3.650000000000000000e+02,9.150937450680528855e+03,9.248342387130349380e+03,2.842528708702647330e-03
3.650000000000000000e+02,9.248342387130349380e+03,9.345747323580169905e+03,2.643777588365227131e-03
3.650000000000000000e+02,9.345747323580169905e+03,9.443152260029990430e+03,2.194478843125482331e-03
3.650000000000000000e+02,9.443152260029990430e+03,9.540557196479810955e+03,1.591148346233048219e-03
3.650000000000000000e+02,9.540557196479810955e+03,9.637962132929631480e+03,1.021774474443952908e-03
3.650000000000000000e+02,9.637962132929631480e+03,9.735367069379452005e+03,6.171093304719633965e-04
3.650000000000000000e+02,9.735367069379452005e+03,9.832772005829272530e+03,3.963730834700387095e-04
3.650000000000000000e+02,9.832772005829272530e+03,9.930176942279094874e+03,3.202604462161532197e-04
3.650000000000000000e+02,9.930176942279094874e+03,1.002758187872891540e+04,3.297031944825866488e-04
3.650000000000000000e+02,1.002758187872891540e+04,1.012498681517873592e+04,4.213653154922863096e-04
3.650000000000000000e+02,1.012498681517873592e+04,1.022239175162855645e+04,5.678069603168041770e-04
3.650000000000000000e+02,1.022239175162855645e+04,1.031979668807837697e+04,7.145353681908737063e-04
3.650000000000000000e+02,1.031979668807837697e+04,1.041720162452819750e+04,8.249191815736432948e-04
3.650000000000000000e+02,1.041720162452819750e+04,1.051460656097801802e+04,8.787138234948725949e-04
3.650000000000000000e+02,1.051460656097801802e+04,1.061201149742783855e+04,8.692639744345313302e-04
3.650000000000000000e+02,1.061201149742783855e+04,1.070941643387765907e+04,8.007306065629303483e-04
3.650000000000000000e+02,1.070941643387765907e+04,1.080682137032748142e+04,6.853269258379556623e-04
3.650000000000000000e+02,1.080682137032748142e+04,1.090422630677730194e+04,5.405353483862301031e-04
3.650000000000000000e+02,1.090422630677730194e+04,1.100163124322712247e+04,3.863565120888570216e-04
3.650000000000000000e+02,1.100163124322712247e+04,1.109903617967694299e+04,2.425229842433948547e-04
3.650000000000000000e+02,1.109903617967694299e+04,1.119644111612676352e+04,1.256645466972823827e-04
3.650000000000000000e+02,1.119644111612676352e+04,1.129384605257658404e+04,4.666282083892023296e-05
3.650000000000000000e+02,1.129384605257658404e+04,1.139125098902640457e+04,7.815871344821620495e-06
3.650000000000000000e+02,1.139125098902640457e+04,1.148865592547622509e+04,1.632098388870580768e-19
3.650000000000000000e+02,1.148865592547622509e+04,1.158606086192604562e+04,1.223994208666906084e-19
3.650000000000000000e+02,1.158606086192604562e+04,1.168346579837586796e+04,0.000000000000000000e+00
3.650000000000000000e+02,1.168346579837586796e+04,1.178087073482568849e+04,0.000000000000000000e+00
3.650000000000000000e+02,1.178087073482568849e+04,1.187827567127550901e+04,9.382685262652180333e-19
3.650000000000000000e+02,1.187827567127550901e+04,1.197568060772532954e+04,0.000000000000000000e+00
3.650000000000000000e+02,1.197568060772532954e+04,1.207308554417515006e+04,2.302364241876564330e-19
3.650000000000000000e+02,1.207308554417515006e+04,1.217049048062497059e+04,1.809424907278037331e-19
3.650000000000000000e+02,1.217049048062497059e+04,1.226789541707479111e+04,0.000000000000000000e+00
3.650000000000000000e+02,1.226789541707479111e+04,1.236530035352461346e+04,0.000000000000000000e+00
3.650000000000000000e+02,1.236530035352461346e+04,1.246270528997443398e+04,0.000000000000000000e+00
3.650000000000000000e+02,1.246270528997443398e+04,1.256011022642425451e+04,0.000000000000000000e+00
3.650000000000000000e+02,1.256011022642425451e+04,1.265751516287407503e+04,6.943683627777990791e-22
3.650000000000000000e+02,1.265751516287407503e+04,1.275492009932389556e+04,1.705994289218012796e-18
3.650000000000000000e+02,1.275492009932389556e+04,1.285232503577371608e+04,7.432951738611941677e-19
3.650000000000000000e+02,1.285232503577371608e+04,1.294972997222353661e+04,1.186034005100554720e-18
3.650000000000000000e+02,1.294972997222353661e+04,1.304713490867335713e+04,2.529797609140975341e-18
3.650000000000000000e+02,1.304713490867335713e+04,1.314453984512317766e+04,9.898614180153356257e-19
3.650000000000000000e+02,1.314453984512317766e+04,1.324194478157300000e+04,9.749857289942006807e-19
3.650000000000000000e+02,1.324194478157300000e+04,1.333934971802282053e+04,4.620945189979557850e-21
3.650000000000000000e+02,1.333934971802282053e+04,1.343675465447264105e+04,2.595839057670952902e-18
3.650000000000000000e+02,1.343675465447264105e+04,1.353415959092246158e+04,0.000000000000000000e+00
