case_id,benchmark,coverage,repetition,method,forward_shift,penalty,validation_rmse,mean_full_density_l1,tail_error_pp,tail_absolute_error_pp
lognormal_extended_r00,lognormal,extended,0,selected,0,1e-06,0.08995803016977484,0.033310535465968905,0.07203636531190993,0.07203636531190993
lognormal_extended_r00,lognormal,extended,0,fixed,0,1e-06,0.08995803016977484,0.033310535465968905,0.07203636531190993,0.07203636531190993
lognormal_extended_r01,lognormal,extended,1,selected,0,1e-06,0.09046163608910264,0.03346380775243188,0.0027052754618852714,0.0027052754618852714
lognormal_extended_r01,lognormal,extended,1,fixed,0,1e-06,0.09046163608910264,0.03346380775243188,0.0027052754618852714,0.0027052754618852714
lognormal_extended_r02,lognormal,extended,2,selected,0,1e-06,0.0953827927091973,0.033440539164512506,0.010935172842680254,0.010935172842680254
lognormal_extended_r02,lognormal,extended,2,fixed,0,1e-06,0.0953827927091973,0.033440539164512506,0.010935172842680254,0.010935172842680254
lognormal_extended_r03,lognormal,extended,3,selected,0,1e-06,0.08992809810728987,0.03334342829776351,-0.01927279998829778,0.01927279998829778
lognormal_extended_r03,lognormal,extended,3,fixed,0,1e-06,0.08992809810728987,0.03334342829776351,-0.01927279998829778,0.01927279998829778
lognormal_extended_r04,lognormal,extended,4,selected,0,1e-06,0.08897039009447266,0.0331062901687829,-0.028764786975449416,0.028764786975449416
lognormal_extended_r04,lognormal,extended,4,fixed,0,1e-06,0.08897039009447266,0.0331062901687829,-0.028764786975449416,0.028764786975449416
lognormal_extended_r05,lognormal,extended,5,selected,0,1e-06,0.09312710345712213,0.03450222478160266,-0.010828772551802857,0.010828772551802857
lognormal_extended_r05,lognormal,extended,5,fixed,0,1e-06,0.09312710345712213,0.03450222478160266,-0.010828772551802857,0.010828772551802857
lognormal_extended_r06,lognormal,extended,6,selected,0,1e-06,0.09575627533171113,0.033742856279751585,0.026698837280569248,0.026698837280569248
lognormal_extended_r06,lognormal,extended,6,fixed,0,1e-06,0.09575627533171113,0.033742856279751585,0.026698837280569248,0.026698837280569248
lognormal_extended_r07,lognormal,extended,7,selected,0,1e-06,0.1016647300974451,0.033672917253238885,-0.01653727317669901,0.01653727317669901
lognormal_extended_r07,lognormal,extended,7,fixed,0,1e-06,0.1016647300974451,0.033672917253238885,-0.01653727317669901,0.01653727317669901
lognormal_extended_r08,lognormal,extended,8,selected,0,1e-06,0.09193314600950164,0.03401784430047311,-0.004595065937345742,0.004595065937345742
lognormal_extended_r08,lognormal,extended,8,fixed,0,1e-06,0.09193314600950164,0.03401784430047311,-0.004595065937345742,0.004595065937345742
lognormal_extended_r09,lognormal,extended,9,selected,0,1e-06,0.09829035670326602,0.0340959926194329,0.04252629798076504,0.04252629798076504
lognormal_extended_r09,lognormal,extended,9,fixed,0,1e-06,0.09829035670326602,0.0340959926194329,0.04252629798076504,0.04252629798076504
lognormal_extended_r10,lognormal,extended,10,selected,0,1e-06,0.10611184895584987,0.03401317526550145,0.02388840007796298,0.02388840007796298
lognormal_extended_r10,lognormal,extended,10,fixed,0,1e-06,0.10611184895584987,0.03401317526550145,0.02388840007796298,0.02388840007796298
lognormal_extended_r11,lognormal,extended,11,selected,0,1e-06,0.09405324068848334,0.03334495649124898,-0.010449314111205888,0.010449314111205888
lognormal_extended_r11,lognormal,extended,11,fixed,0,1e-06,0.09405324068848334,0.03334495649124898,-0.010449314111205888,0.010449314111205888
lognormal_extended_r12,lognormal,extended,12,selected,0,1e-06,0.0990869425987702,0.03397996189328554,-0.03720890261451852,0.03720890261451852
lognormal_extended_r12,lognormal,extended,12,fixed,0,1e-06,0.0990869425987702,0.03397996189328554,-0.03720890261451852,0.03720890261451852
lognormal_extended_r13,lognormal,extended,13,selected,0,1e-06,0.09753195469660307,0.03362555747655299,-0.017369216671557757,0.017369216671557757
lognormal_extended_r13,lognormal,extended,13,fixed,0,1e-06,0.09753195469660307,0.03362555747655299,-0.017369216671557757,0.017369216671557757
lognormal_extended_r14,lognormal,extended,14,selected,0,1e-06,0.08548928098993774,0.033380746756876994,-0.016635524054238154,0.016635524054238154
lognormal_extended_r14,lognormal,extended,14,fixed,0,1e-06,0.08548928098993774,0.033380746756876994,-0.016635524054238154,0.016635524054238154
lognormal_extended_r15,lognormal,extended,15,selected,0,1e-06,0.10052131227289955,0.034294401888862555,0.033016247432166454,0.033016247432166454
lognormal_extended_r15,lognormal,extended,15,fixed,0,1e-06,0.10052131227289955,0.034294401888862555,0.033016247432166454,0.033016247432166454
lognormal_extended_r16,lognormal,extended,16,selected,0,1e-06,0.08767590872585264,0.03327085855266637,0.04131848301425524,0.04131848301425524
lognormal_extended_r16,lognormal,extended,16,fixed,0,1e-06,0.08767590872585264,0.03327085855266637,0.04131848301425524,0.04131848301425524
lognormal_extended_r17,lognormal,extended,17,selected,0,1e-06,0.09585912860295072,0.033481885984864776,0.05355313369926834,0.05355313369926834
lognormal_extended_r17,lognormal,extended,17,fixed,0,1e-06,0.09585912860295072,0.033481885984864776,0.05355313369926834,0.05355313369926834
lognormal_extended_r18,lognormal,extended,18,selected,0,1e-06,0.09652215277816695,0.03364598991438287,0.01139803954456236,0.01139803954456236
lognormal_extended_r18,lognormal,extended,18,fixed,0,1e-06,0.09652215277816695,0.03364598991438287,0.01139803954456236,0.01139803954456236
lognormal_extended_r19,lognormal,extended,19,selected,0,1e-06,0.09744678551256027,0.03310878707572596,0.0033412249654110994,0.0033412249654110994
lognormal_extended_r19,lognormal,extended,19,fixed,0,1e-06,0.09744678551256027,0.03310878707572596,0.0033412249654110994,0.0033412249654110994
lognormal_original_r00,lognormal,original,0,selected,0,1e-06,0.2852918077023911,0.03618724200623231,-0.032202023872211404,0.032202023872211404
lognormal_original_r00,lognormal,original,0,fixed,0,1e-06,0.2852918077023911,0.03618724200623231,-0.032202023872211404,0.032202023872211404
lognormal_original_r01,lognormal,original,1,selected,0,1e-06,0.19335719146200192,0.03560603605893941,-0.08156178682301965,0.08156178682301965
lognormal_original_r01,lognormal,original,1,fixed,0,1e-06,0.19335719146200192,0.03560603605893941,-0.08156178682301965,0.08156178682301965
lognormal_original_r02,lognormal,original,2,selected,0,1e-06,0.19221630780152116,0.0361932103953031,-0.04420982833549677,0.04420982833549677
lognormal_original_r02,lognormal,original,2,fixed,0,1e-06,0.19221630780152116,0.0361932103953031,-0.04420982833549677,0.04420982833549677
lognormal_original_r03,lognormal,original,3,selected,0,1e-06,0.22250720950733088,0.03686805474760126,-0.10356240563330352,0.10356240563330352
lognormal_original_r03,lognormal,original,3,fixed,0,1e-06,0.22250720950733088,0.03686805474760126,-0.10356240563330352,0.10356240563330352
lognormal_original_r04,lognormal,original,4,selected,0,1e-06,0.23277626972922572,0.0353938801878141,-0.017925328046283773,0.017925328046283773
lognormal_original_r04,lognormal,original,4,fixed,0,1e-06,0.23277626972922572,0.0353938801878141,-0.017925328046283773,0.017925328046283773
lognormal_original_r05,lognormal,original,5,selected,0,1e-06,0.21967539792011292,0.03673794826962788,-0.03306004221352982,0.03306004221352982
lognormal_original_r05,lognormal,original,5,fixed,0,1e-06,0.21967539792011292,0.03673794826962788,-0.03306004221352982,0.03306004221352982
lognormal_original_r06,lognormal,original,6,selected,0,1e-06,0.24212237288788868,0.03634893678088222,-0.027868883389681198,0.027868883389681198
lognormal_original_r06,lognormal,original,6,fixed,0,1e-06,0.24212237288788868,0.03634893678088222,-0.027868883389681198,0.027868883389681198
lognormal_original_r07,lognormal,original,7,selected,0,1e-06,0.24027993870518724,0.03651717598895001,-0.10889270810128361,0.10889270810128361
lognormal_original_r07,lognormal,original,7,fixed,0,1e-06,0.24027993870518724,0.03651717598895001,-0.10889270810128361,0.10889270810128361
lognormal_original_r08,lognormal,original,8,selected,0,1e-06,0.15497513897305593,0.03470664570114638,0.006234226397614775,0.006234226397614775
lognormal_original_r08,lognormal,original,8,fixed,0,1e-06,0.15497513897305593,0.03470664570114638,0.006234226397614775,0.006234226397614775
lognormal_original_r09,lognormal,original,9,selected,0,1e-06,0.1891972839856763,0.03589075765852076,-0.11212655766477474,0.11212655766477474
lognormal_original_r09,lognormal,original,9,fixed,0,1e-06,0.1891972839856763,0.03589075765852076,-0.11212655766477474,0.11212655766477474
lognormal_original_r10,lognormal,original,10,selected,0,1e-06,0.19035151254832605,0.03538333024513529,-0.05446492276333466,0.05446492276333466
lognormal_original_r10,lognormal,original,10,fixed,0,1e-06,0.19035151254832605,0.03538333024513529,-0.05446492276333466,0.05446492276333466
lognormal_original_r11,lognormal,original,11,selected,0,1e-06,0.3433775090423153,0.03627845702830041,-0.01823698776426074,0.01823698776426074
lognormal_original_r11,lognormal,original,11,fixed,0,1e-06,0.3433775090423153,0.03627845702830041,-0.01823698776426074,0.01823698776426074
lognormal_original_r12,lognormal,original,12,selected,0,1e-06,0.17945179952682755,0.03557087708501387,0.01547053532199279,0.01547053532199279
lognormal_original_r12,lognormal,original,12,fixed,0,1e-06,0.17945179952682755,0.03557087708501387,0.01547053532199279,0.01547053532199279
lognormal_original_r13,lognormal,original,13,selected,0,1e-06,0.2649174885233291,0.03578647404838309,-0.053847791386670375,0.053847791386670375
lognormal_original_r13,lognormal,original,13,fixed,0,1e-06,0.2649174885233291,0.03578647404838309,-0.053847791386670375,0.053847791386670375
lognormal_original_r14,lognormal,original,14,selected,0,1e-06,0.18427937122710944,0.035879744363074076,0.053887966067922934,0.053887966067922934
lognormal_original_r14,lognormal,original,14,fixed,0,1e-06,0.18427937122710944,0.035879744363074076,0.053887966067922934,0.053887966067922934
lognormal_original_r15,lognormal,original,15,selected,0,1e-06,0.2294813656867211,0.035760503561427584,-0.02219101819245918,0.02219101819245918
lognormal_original_r15,lognormal,original,15,fixed,0,1e-06,0.2294813656867211,0.035760503561427584,-0.02219101819245918,0.02219101819245918
lognormal_original_r16,lognormal,original,16,selected,0,1e-06,0.26889064707243654,0.03577844737337037,-0.016569741161879224,0.016569741161879224
lognormal_original_r16,lognormal,original,16,fixed,0,1e-06,0.26889064707243654,0.03577844737337037,-0.016569741161879224,0.016569741161879224
lognormal_original_r17,lognormal,original,17,selected,0,1e-06,0.1671234822079836,0.03452849247392733,-0.042776741600966756,0.042776741600966756
lognormal_original_r17,lognormal,original,17,fixed,0,1e-06,0.1671234822079836,0.03452849247392733,-0.042776741600966756,0.042776741600966756
lognormal_original_r18,lognormal,original,18,selected,0,1e-06,0.15170528235901634,0.03547087446982079,-0.07422941045812627,0.07422941045812627
lognormal_original_r18,lognormal,original,18,fixed,0,1e-06,0.15170528235901634,0.03547087446982079,-0.07422941045812627,0.07422941045812627
lognormal_original_r19,lognormal,original,19,selected,0,1e-06,0.2043673789974524,0.035380541411217915,0.020210602824548177,0.020210602824548177
lognormal_original_r19,lognormal,original,19,fixed,0,1e-06,0.2043673789974524,0.035380541411217915,0.020210602824548177,0.020210602824548177
mixture_extended_r00,mixture,extended,0,selected,0,1e-07,0.10972960480786158,0.061212148803681116,0.05649814479369783,0.05649814479369783
mixture_extended_r00,mixture,extended,0,fixed,0,1e-06,0.15267852568527907,0.052551154784816576,0.024712538349841266,0.024712538349841266
mixture_extended_r01,mixture,extended,1,selected,0,1e-07,0.11624823229757839,0.06343768474188788,-0.01838877695712754,0.01838877695712754
mixture_extended_r01,mixture,extended,1,fixed,0,1e-06,0.15286914972003982,0.05273249712332531,-0.04558413090570909,0.04558413090570909
mixture_extended_r02,mixture,extended,2,selected,0,1e-07,0.12015880099508025,0.06464347097894925,-0.031300099681077186,0.031300099681077186
mixture_extended_r02,mixture,extended,2,fixed,0,1e-06,0.1595014489375624,0.05188276737616588,-0.024915325363797022,0.024915325363797022
mixture_extended_r03,mixture,extended,3,selected,0,1e-07,0.11068952138202343,0.06304582525311671,-0.05429157451625321,0.05429157451625321
mixture_extended_r03,mixture,extended,3,fixed,0,1e-06,0.14195214508069634,0.050364850537105106,-0.05846766095347431,0.05846766095347431
mixture_extended_r04,mixture,extended,4,selected,0,1e-07,0.10983778798729925,0.06420761266183761,-0.06340008305383646,0.06340008305383646
mixture_extended_r04,mixture,extended,4,fixed,0,1e-06,0.15355184209617614,0.051720942596954075,-0.07154209201890964,0.07154209201890964
mixture_extended_r05,mixture,extended,5,selected,0,1e-07,0.1197085521330137,0.06391344912310339,-0.06129604157663251,0.06129604157663251
mixture_extended_r05,mixture,extended,5,fixed,0,1e-06,0.16205893236875887,0.05373490370586589,-0.04933641941672461,0.04933641941672461
mixture_extended_r06,mixture,extended,6,selected,0,1e-07,0.11690204183546501,0.06360005239074518,0.0030405467338835007,0.0030405467338835007
mixture_extended_r06,mixture,extended,6,fixed,0,1e-06,0.15733719923108885,0.05102282723277489,-0.02495830180228413,0.02495830180228413
mixture_extended_r07,mixture,extended,7,selected,0,1e-07,0.11897540144309059,0.06155620663844555,-0.09528380057997038,0.09528380057997038
mixture_extended_r07,mixture,extended,7,fixed,0,1e-06,0.16139741346626726,0.05127817745946507,-0.060565776152428884,0.060565776152428884
mixture_extended_r08,mixture,extended,8,selected,0,1e-07,0.11807782223764828,0.062232377735205964,-0.06332520325924261,0.06332520325924261
mixture_extended_r08,mixture,extended,8,fixed,0,1e-06,0.15561872716323977,0.05460313122284287,-0.06415809312337403,0.06415809312337403
mixture_extended_r09,mixture,extended,9,selected,0,1e-07,0.12192247084614367,0.06047657860460699,-0.006293872102460657,0.006293872102460657
mixture_extended_r09,mixture,extended,9,fixed,0,1e-06,0.15974304101988485,0.05316911445388716,-0.017583871930629442,0.017583871930629442
mixture_extended_r10,mixture,extended,10,selected,0,1e-07,0.12583761517108277,0.0638966962603536,-0.050508263980135644,0.050508263980135644
mixture_extended_r10,mixture,extended,10,fixed,0,1e-06,0.16515702224601866,0.05239922353878681,-0.0397414458949287,0.0397414458949287
mixture_extended_r11,mixture,extended,11,selected,0,1e-07,0.11783611531662325,0.06231850347731363,-0.07291042581879376,0.07291042581879376
mixture_extended_r11,mixture,extended,11,fixed,0,1e-06,0.15935219588778274,0.05104033862449758,-0.04833396644471997,0.04833396644471997
mixture_extended_r12,mixture,extended,12,selected,0,1e-07,0.12214832602684113,0.06357027005984059,-0.09618503090260203,0.09618503090260203
mixture_extended_r12,mixture,extended,12,fixed,0,1e-06,0.16551742335991326,0.0533278866599898,-0.0784080693564124,0.0784080693564124
mixture_extended_r13,mixture,extended,13,selected,0,1e-07,0.11912729838740486,0.06282791860272226,-0.08459414623985406,0.08459414623985406
mixture_extended_r13,mixture,extended,13,fixed,0,1e-06,0.1634816758627133,0.0528830875965251,-0.05604187219297625,0.05604187219297625
mixture_extended_r14,mixture,extended,14,selected,0,1e-07,0.11296902269728942,0.06419785151949348,-0.08971635911585088,0.08971635911585088
mixture_extended_r14,mixture,extended,14,fixed,0,1e-06,0.14957940774925127,0.051543797322617366,-0.06626187633066699,0.06626187633066699
mixture_extended_r15,mixture,extended,15,selected,0,1e-07,0.1276904357746447,0.06508308273813257,-0.0016220937928346918,0.0016220937928346918
mixture_extended_r15,mixture,extended,15,fixed,0,1e-06,0.1658755561964096,0.053893732656748565,0.011774975374475617,0.011774975374475617
mixture_extended_r16,mixture,extended,16,selected,0,1e-07,0.11308400588412641,0.06453206536555879,0.08268889770520378,0.08268889770520378
mixture_extended_r16,mixture,extended,16,fixed,0,1e-06,0.15362773449580489,0.05286927893200909,0.04073152014525509,0.04073152014525509
mixture_extended_r17,mixture,extended,17,selected,0,1e-07,0.11592499271197924,0.061220345649381364,-0.003187339430250208,0.003187339430250208
mixture_extended_r17,mixture,extended,17,fixed,0,1e-06,0.16183461509512034,0.05234583424689341,-0.0011528298525648878,0.0011528298525648878
mixture_extended_r18,mixture,extended,18,selected,0,1e-07,0.110330923160754,0.06061329284336064,-0.07329309545725474,0.07329309545725474
mixture_extended_r18,mixture,extended,18,fixed,0,1e-06,0.16107998612203356,0.05089669947740558,-0.04491638727571138,0.04491638727571138
mixture_extended_r19,mixture,extended,19,selected,0,1e-07,0.1201606251311657,0.0643382919107178,-0.00856504141395955,0.00856504141395955
mixture_extended_r19,mixture,extended,19,fixed,0,1e-06,0.17213267638515248,0.052907550434962154,-0.04156575811121461,0.04156575811121461
mixture_original_r00,mixture,original,0,selected,0,1e-07,1.0380199957911238,0.06760329458158393,0.06108032536135868,0.06108032536135868
mixture_original_r00,mixture,original,0,fixed,0,1e-06,0.7791944820517679,0.055768174509740254,0.08678005094528707,0.08678005094528707
mixture_original_r01,mixture,original,1,selected,0,1e-07,1.2868647049272348,0.07465442220470703,0.18867124814625785,0.18867124814625785
mixture_original_r01,mixture,original,1,fixed,0,1e-06,0.8933574441239964,0.057965737187831656,0.31063052873531344,0.31063052873531344
mixture_original_r02,mixture,original,2,selected,0,1e-07,1.1569601987865739,0.07023380708544748,0.5913584558187082,0.5913584558187082
mixture_original_r02,mixture,original,2,fixed,0,1e-06,1.049105776805636,0.05588830277873458,0.6127929404935105,0.6127929404935105
mixture_original_r03,mixture,original,3,selected,0,1e-07,1.2558875362621202,0.06877763100702543,0.5806006308103987,0.5806006308103987
mixture_original_r03,mixture,original,3,fixed,0,1e-06,1.318326105696916,0.059125774574939706,0.6628812739753185,0.6628812739753185
mixture_original_r04,mixture,original,4,selected,0,1e-07,1.0689208648595103,0.07604909110032551,0.13005286245452408,0.13005286245452408
mixture_original_r04,mixture,original,4,fixed,0,1e-06,0.6876968164487559,0.05884892451819546,0.08610011423310394,0.08610011423310394
mixture_original_r05,mixture,original,5,selected,0,1e-07,1.0297045037414738,0.07249674620745558,0.05462046906840375,0.05462046906840375
mixture_original_r05,mixture,original,5,fixed,0,1e-06,0.7577747115624801,0.059519325949708476,0.0756458229159972,0.0756458229159972
mixture_original_r06,mixture,original,6,selected,0,1e-07,0.9239353341441074,0.0734574080778391,0.04466511901849192,0.04466511901849192
mixture_original_r06,mixture,original,6,fixed,0,1e-06,0.7842760998011471,0.058671178763689366,0.07737630274736954,0.07737630274736954
mixture_original_r07,mixture,original,7,selected,0,1e-07,1.2122405280235506,0.06279759124883388,0.5498984281219964,0.5498984281219964
mixture_original_r07,mixture,original,7,fixed,0,1e-06,1.2738876337231086,0.05703876165154073,0.7230917200920716,0.7230917200920716
mixture_original_r08,mixture,original,8,selected,0,1e-07,0.832437277870131,0.06483058595635925,0.49384231964962144,0.49384231964962144
mixture_original_r08,mixture,original,8,fixed,0,1e-06,0.6445539097202838,0.053232354735052265,0.4869480136707587,0.4869480136707587
mixture_original_r09,mixture,original,9,selected,0,1e-07,1.0653587170720953,0.0655174779331166,0.1015957254317355,0.1015957254317355
mixture_original_r09,mixture,original,9,fixed,0,1e-06,1.1467728752957675,0.05554539383980958,0.58627833819679,0.58627833819679
mixture_original_r10,mixture,original,10,selected,0,1e-07,1.1178464594943442,0.07381994855250973,0.09097522263066693,0.09097522263066693
mixture_original_r10,mixture,original,10,fixed,0,1e-06,1.0247953806089714,0.058494434215964494,0.42332559690361776,0.42332559690361776
mixture_original_r11,mixture,original,11,selected,0,1e-07,0.9010403278553394,0.06898052544545491,0.06426975196426268,0.06426975196426268
mixture_original_r11,mixture,original,11,fixed,0,1e-06,0.8460891630616156,0.06027333874041696,0.08052123568126501,0.08052123568126501
mixture_original_r12,mixture,original,12,selected,0,1e-07,1.1041726939246448,0.06749558477066334,0.5580979092372743,0.5580979092372743
mixture_original_r12,mixture,original,12,fixed,0,1e-06,0.9474862972507843,0.05645612652035589,0.5828804218819215,0.5828804218819215
mixture_original_r13,mixture,original,13,selected,0,1e-07,0.9529010913482258,0.06847385629934997,0.036320035290567446,0.036320035290567446
mixture_original_r13,mixture,original,13,fixed,0,1e-06,0.8258204412275343,0.05861080454171878,0.08140441853806152,0.08140441853806152
mixture_original_r14,mixture,original,14,selected,0,1e-07,1.3430129022854467,0.07267810802623476,0.49736820937418946,0.49736820937418946
mixture_original_r14,mixture,original,14,fixed,0,1e-06,1.0215423746682104,0.057755565984693794,0.31045984604894766,0.31045984604894766
mixture_original_r15,mixture,original,15,selected,0,1e-07,1.1797290386252772,0.07373038697572273,0.0755441955301672,0.0755441955301672
mixture_original_r15,mixture,original,15,fixed,0,1e-06,0.6958508719941804,0.05728990744854616,0.11209870311136363,0.11209870311136363
mixture_original_r16,mixture,original,16,selected,0,1e-07,1.0898818747356986,0.0778734273254963,0.08999280291506848,0.08999280291506848
mixture_original_r16,mixture,original,16,fixed,0,1e-06,0.7084177717828783,0.06004257525611746,0.08439316262875037,0.08439316262875037
mixture_original_r17,mixture,original,17,selected,0,1e-07,1.1510660352037687,0.0704103768112937,0.053949861756336266,0.053949861756336266
mixture_original_r17,mixture,original,17,fixed,0,1e-06,0.7273933288508708,0.05424161922133042,0.1464561485175483,0.1464561485175483
mixture_original_r18,mixture,original,18,selected,0,1e-07,1.0628507036118424,0.06908457627267453,0.22742936040691508,0.22742936040691508
mixture_original_r18,mixture,original,18,fixed,0,1e-06,0.8134686274417765,0.05675704188761786,0.38425446596660284,0.38425446596660284
mixture_original_r19,mixture,original,19,selected,0,1e-07,1.0840594417124212,0.06817354996803983,0.5758455269568434,0.5758455269568434
mixture_original_r19,mixture,original,19,fixed,0,1e-06,0.8278440066145462,0.055916176403733815,0.535750228608385,0.535750228608385
lognormal_extended_r00_f+10,lognormal,extended,0,forward,0.001,1e-06,2.49670483193434,0.055918432525261685,0.07190415931174947,0.07190415931174947
lognormal_extended_r00_f+50,lognormal,extended,0,forward,0.005,1e-06,14.31477442583122,0.16433939093151254,0.07245075816375052,0.07245075816375052
lognormal_extended_r00_f-10,lognormal,extended,0,forward,-0.001,1e-06,0.47667124227171337,0.04202666784593209,0.0725331607960248,0.0725331607960248
lognormal_extended_r00_f-50,lognormal,extended,0,forward,-0.005,1e-06,2.920136073862246,0.08314898345393087,0.07220514771657172,0.07220514771657172
lognormal_extended_r01_f+10,lognormal,extended,1,forward,0.001,1e-06,2.496541801519848,0.05572450854804719,0.0027919208800676783,0.0027919208800676783
lognormal_extended_r01_f+50,lognormal,extended,1,forward,0.005,1e-06,14.314426681106813,0.16386134729303,0.0027903831742098935,0.0027903831742098935
lognormal_extended_r01_f-10,lognormal,extended,1,forward,-0.001,1e-06,0.47593362214545104,0.04196709152019497,0.002667285154073608,0.002667285154073608
lognormal_extended_r01_f-50,lognormal,extended,1,forward,-0.005,1e-06,2.9203535426941367,0.0824453597452849,0.0033946785596939907,0.0033946785596939907
lognormal_extended_r02_f+10,lognormal,extended,2,forward,0.001,1e-06,2.4963975821980324,0.05577712410488148,0.011103263623455512,0.011103263623455512
lognormal_extended_r02_f+50,lognormal,extended,2,forward,0.005,1e-06,14.314989707310739,0.1631950309697925,0.010881303140674713,0.010881303140674713
lognormal_extended_r02_f-10,lognormal,extended,2,forward,-0.001,1e-06,0.4763790912333836,0.04243188941851539,0.010747551165098774,0.010747551165098774
lognormal_extended_r02_f-50,lognormal,extended,2,forward,-0.005,1e-06,2.920822589200643,0.08130987962267201,0.011084056334446533,0.011084056334446533
lognormal_extended_r03_f+10,lognormal,extended,3,forward,0.001,1e-06,2.4962662718215456,0.0553963249108399,-0.019397073341270808,0.019397073341270808
lognormal_extended_r03_f+50,lognormal,extended,3,forward,0.005,1e-06,14.314944559088387,0.16383760587161822,-0.018392188976284987,0.018392188976284987
lognormal_extended_r03_f-10,lognormal,extended,3,forward,-0.001,1e-06,0.47645037032075577,0.04154108320263154,-0.01891847593408786,0.01891847593408786
lognormal_extended_r03_f-50,lognormal,extended,3,forward,-0.005,1e-06,2.919962003084938,0.0835961321326118,-0.01799659311670981,0.01799659311670981
lognormal_extended_r04_f+10,lognormal,extended,4,forward,0.001,1e-06,2.496811976144993,0.05553160468767748,-0.02810650663492203,0.02810650663492203
lognormal_extended_r04_f+50,lognormal,extended,4,forward,0.005,1e-06,14.31463786527999,0.16387072262788857,-0.028483425578406458,0.028483425578406458
lognormal_extended_r04_f-10,lognormal,extended,4,forward,-0.001,1e-06,0.47671658697645164,0.041522943386019584,-0.02868785422893657,0.02868785422893657
lognormal_extended_r04_f-50,lognormal,extended,4,forward,-0.005,1e-06,2.919909852960144,0.08327971492942246,-0.027719953732345905,0.027719953732345905
lognormal_extended_r05_f+10,lognormal,extended,5,forward,0.001,1e-06,2.4962746097071586,0.05694703358257566,-0.010820576394925683,0.010820576394925683
lognormal_extended_r05_f+50,lognormal,extended,5,forward,0.005,1e-06,14.314635047310004,0.16460842792455654,-0.01153261261528254,0.01153261261528254
lognormal_extended_r05_f-10,lognormal,extended,5,forward,-0.001,1e-06,0.4766770861891362,0.04302778589746281,-0.0109932168526452,0.0109932168526452
lognormal_extended_r05_f-50,lognormal,extended,5,forward,-0.005,1e-06,2.920234324334211,0.08320131141768039,-0.011396257787486775,0.011396257787486775
lognormal_extended_r06_f+10,lognormal,extended,6,forward,0.001,1e-06,2.496593500034348,0.05550455720108853,0.02669944829070082,0.02669944829070082
lognormal_extended_r06_f+50,lognormal,extended,6,forward,0.005,1e-06,14.314587832590485,0.16629700148034193,0.02718298744723588,0.02718298744723588
lognormal_extended_r06_f-10,lognormal,extended,6,forward,-0.001,1e-06,0.4772264820540328,0.04247367823633408,0.026917591333222038,0.026917591333222038
lognormal_extended_r06_f-50,lognormal,extended,6,forward,-0.005,1e-06,2.9205978017752887,0.08333984945248357,0.027398810494485552,0.027398810494485552
lognormal_extended_r07_f+10,lognormal,extended,7,forward,0.001,1e-06,2.4961113107020827,0.05616081353398156,-0.01613203532664395,0.01613203532664395
lognormal_extended_r07_f+50,lognormal,extended,7,forward,0.005,1e-06,14.314920303950167,0.16299169259308532,-0.016532294457839235,0.016532294457839235
lognormal_extended_r07_f-10,lognormal,extended,7,forward,-0.001,1e-06,0.4783949394932406,0.042174196761196575,-0.017150868157313683,0.017150868157313683
lognormal_extended_r07_f-50,lognormal,extended,7,forward,-0.005,1e-06,2.9202552707375875,0.08328852986610219,-0.016977531947710865,0.016977531947710865
lognormal_extended_r08_f+10,lognormal,extended,8,forward,0.001,1e-06,2.496375561111514,0.05562226417562527,-0.004712790487924152,0.004712790487924152
lognormal_extended_r08_f+50,lognormal,extended,8,forward,0.005,1e-06,14.314700852124556,0.16261638303818515,-0.004813339784820719,0.004813339784820719
lognormal_extended_r08_f-10,lognormal,extended,8,forward,-0.001,1e-06,0.47586330704303254,0.041527142032869904,-0.0044351696704064865,0.0044351696704064865
lognormal_extended_r08_f-50,lognormal,extended,8,forward,-0.005,1e-06,2.9196613408183665,0.08295542276699187,-0.004269061898546506,0.004269061898546506
lognormal_extended_r09_f+10,lognormal,extended,9,forward,0.001,1e-06,2.4962015822675707,0.05629613612991907,0.042172095567436084,0.042172095567436084
lognormal_extended_r09_f+50,lognormal,extended,9,forward,0.005,1e-06,14.314896522041595,0.1638657936443449,0.04288004901757659,0.04288004901757659
lognormal_extended_r09_f-10,lognormal,extended,9,forward,-0.001,1e-06,0.47665537514476763,0.042843863336699706,0.043209926733326756,0.043209926733326756
lognormal_extended_r09_f-50,lognormal,extended,9,forward,-0.005,1e-06,2.92033632938567,0.08240936793867848,0.04298503662912654,0.04298503662912654
lognormal_extended_r10_f+10,lognormal,extended,10,forward,0.001,1e-06,2.496836098440627,0.05577432523285932,0.023266474474174098,0.023266474474174098
lognormal_extended_r10_f+50,lognormal,extended,10,forward,0.005,1e-06,14.314873632641909,0.16398436587307447,0.023571610755150324,0.023571610755150324
lognormal_extended_r10_f-10,lognormal,extended,10,forward,-0.001,1e-06,0.47906612307584284,0.04224140549224502,0.024177494970888547,0.024177494970888547
lognormal_extended_r10_f-50,lognormal,extended,10,forward,-0.005,1e-06,2.9204925836636595,0.08336799975451809,0.023429177613042227,0.023429177613042227
lognormal_extended_r11_f+10,lognormal,extended,11,forward,0.001,1e-06,2.496468074639176,0.05633916755834062,-0.009853623003484704,0.009853623003484704
lognormal_extended_r11_f+50,lognormal,extended,11,forward,0.005,1e-06,14.314464434887718,0.16308747192235584,-0.011107274089752804,0.011107274089752804
lognormal_extended_r11_f-10,lognormal,extended,11,forward,-0.001,1e-06,0.4771056391174189,0.04190371926087002,-0.011291094404209355,0.011291094404209355
lognormal_extended_r11_f-50,lognormal,extended,11,forward,-0.005,1e-06,2.920113772940408,0.08279372108812859,-0.010606344498815416,0.010606344498815416
lognormal_extended_r12_f+10,lognormal,extended,12,forward,0.001,1e-06,2.496350892044012,0.05651766593632837,-0.037150772526123796,0.037150772526123796
lognormal_extended_r12_f+50,lognormal,extended,12,forward,0.005,1e-06,14.314512979345169,0.16334033784960406,-0.03739428304712612,0.03739428304712612
lognormal_extended_r12_f-10,lognormal,extended,12,forward,-0.001,1e-06,0.4772230966254165,0.04241321972790481,-0.037598481465699725,0.037598481465699725
lognormal_extended_r12_f-50,lognormal,extended,12,forward,-0.005,1e-06,2.919858317384883,0.08313130958473991,-0.03704787802057959,0.03704787802057959
lognormal_extended_r13_f+10,lognormal,extended,13,forward,0.001,1e-06,2.4966995764327535,0.05540323092427493,-0.017106241336752644,0.017106241336752644
lognormal_extended_r13_f+50,lognormal,extended,13,forward,0.005,1e-06,14.314488577555782,0.16414519071725409,-0.0171995062417898,0.0171995062417898
lognormal_extended_r13_f-10,lognormal,extended,13,forward,-0.001,1e-06,0.4769744547139378,0.04166799430589901,-0.017823544512347723,0.017823544512347723
lognormal_extended_r13_f-50,lognormal,extended,13,forward,-0.005,1e-06,2.9202262800812524,0.08247899571585791,-0.017456441051068174,0.017456441051068174
lognormal_extended_r14_f+10,lognormal,extended,14,forward,0.001,1e-06,2.4965361441568383,0.05651816743368414,-0.016367481819852363,0.016367481819852363
lognormal_extended_r14_f+50,lognormal,extended,14,forward,0.005,1e-06,14.314581528580673,0.1627849206943727,-0.01648011649659016,0.01648011649659016
lognormal_extended_r14_f-10,lognormal,extended,14,forward,-0.001,1e-06,0.47595692191625155,0.04192336962424491,-0.017016394793573107,0.017016394793573107
lognormal_extended_r14_f-50,lognormal,extended,14,forward,-0.005,1e-06,2.9198449184071102,0.08351251481006958,-0.01620919124848434,0.01620919124848434
lognormal_extended_r15_f+10,lognormal,extended,15,forward,0.001,1e-06,2.496530960333474,0.05654130753171076,0.03313879685443791,0.03313879685443791
lognormal_extended_r15_f+50,lognormal,extended,15,forward,0.005,1e-06,14.31464559570568,0.16436401667939704,0.03285735389633524,0.03285735389633524
lognormal_extended_r15_f-10,lognormal,extended,15,forward,-0.001,1e-06,0.4788233213197341,0.04231742711511527,0.032795756559177026,0.032795756559177026
lognormal_extended_r15_f-50,lognormal,extended,15,forward,-0.005,1e-06,2.919886967183222,0.08411107826635209,0.03278819098819839,0.03278819098819839
lognormal_extended_r16_f+10,lognormal,extended,16,forward,0.001,1e-06,2.49602455676853,0.05516208225824799,0.041374351185306975,0.041374351185306975
lognormal_extended_r16_f+50,lognormal,extended,16,forward,0.005,1e-06,14.31483631974929,0.16354780736044025,0.04083273378265775,0.04083273378265775
lognormal_extended_r16_f-10,lognormal,extended,16,forward,-0.001,1e-06,0.4754504809010509,0.04143607600210626,0.04126682755495091,0.04126682755495091
lognormal_extended_r16_f-50,lognormal,extended,16,forward,-0.005,1e-06,2.920081403490906,0.08209651677539823,0.04081042025578881,0.04081042025578881
lognormal_extended_r17_f+10,lognormal,extended,17,forward,0.001,1e-06,2.4969272942019503,0.05565446194971126,0.05314032878657006,0.05314032878657006
lognormal_extended_r17_f+50,lognormal,extended,17,forward,0.005,1e-06,14.314625502346642,0.16437037705068186,0.05490960732170546,0.05490960732170546
lognormal_extended_r17_f-10,lognormal,extended,17,forward,-0.001,1e-06,0.4776853037421234,0.0417550995217782,0.05427778351709072,0.05427778351709072
lognormal_extended_r17_f-50,lognormal,extended,17,forward,-0.005,1e-06,2.9206498556949874,0.08336024079648605,0.05388311545328024,0.05388311545328024
lognormal_extended_r18_f+10,lognormal,extended,18,forward,0.001,1e-06,2.496644472149046,0.05565189294011569,0.011620292439414731,0.011620292439414731
lognormal_extended_r18_f+50,lognormal,extended,18,forward,0.005,1e-06,14.314660367228356,0.16315508566534387,0.011639401578124103,0.011639401578124103
lognormal_extended_r18_f-10,lognormal,extended,18,forward,-0.001,1e-06,0.4768710537689132,0.042120008314374596,0.011143919763153577,0.011143919763153577
lognormal_extended_r18_f-50,lognormal,extended,18,forward,-0.005,1e-06,2.9202371209732623,0.08187254892961385,0.011574529341963798,0.011574529341963798
lognormal_extended_r19_f+10,lognormal,extended,19,forward,0.001,1e-06,2.4960110311354344,0.05645119261046587,0.003372178622567659,0.003372178622567659
lognormal_extended_r19_f+50,lognormal,extended,19,forward,0.005,1e-06,14.314433094747908,0.1624326839173643,0.0035714159492110983,0.0035714159492110983
lognormal_extended_r19_f-10,lognormal,extended,19,forward,-0.001,1e-06,0.4775238520195233,0.04186740287302413,0.00333116853646195,0.00333116853646195
lognormal_extended_r19_f-50,lognormal,extended,19,forward,-0.005,1e-06,2.920097137125083,0.0828065066526309,0.003872531081782404,0.003872531081782404
mixture_extended_r00_f+10,mixture,extended,0,forward,0.001,1e-07,1.0514515837165088,0.08147772008001877,0.060509972210497434,0.060509972210497434
mixture_extended_r00_f+50,mixture,extended,0,forward,0.005,1e-07,10.271305185367966,0.14612318834865734,0.08246760741391253,0.08246760741391253
mixture_extended_r00_f-10,mixture,extended,0,forward,-0.001,1e-07,0.20733337481728722,0.0718475234425536,0.052894093250215046,0.052894093250215046
mixture_extended_r00_f-50,mixture,extended,0,forward,-0.005,1e-07,1.7650828664594171,0.10619525911762845,0.034585153564710425,0.034585153564710425
mixture_extended_r01_f+10,mixture,extended,1,forward,0.001,1e-07,1.0523198752965026,0.08373135977650237,-0.01354102254299723,0.01354102254299723
mixture_extended_r01_f+50,mixture,extended,1,forward,0.005,1e-07,10.271342940404447,0.14712203454505857,0.003911250096083445,0.003911250096083445
mixture_extended_r01_f-10,mixture,extended,1,forward,-0.001,1e-07,0.2104897557964477,0.07354242009557177,-0.023403387459035828,0.023403387459035828
mixture_extended_r01_f-50,mixture,extended,1,forward,-0.005,1e-07,1.7654371075657704,0.10850053102780405,-0.04375942237495531,0.04375942237495531
mixture_extended_r02_f+10,mixture,extended,2,forward,0.001,1e-07,1.0523051307377151,0.08264106809735161,-0.026134997949263036,0.026134997949263036
mixture_extended_r02_f+50,mixture,extended,2,forward,0.005,1e-07,10.271322071047313,0.14839794573495596,-0.011318444170502207,0.011318444170502207
mixture_extended_r02_f-10,mixture,extended,2,forward,-0.001,1e-07,0.21129184468966222,0.07282772389707012,-0.03697498600864577,0.03697498600864577
mixture_extended_r02_f-50,mixture,extended,2,forward,-0.005,1e-07,1.7651794471062068,0.10960530005026262,-0.04914841825519097,0.04914841825519097
mixture_extended_r03_f+10,mixture,extended,3,forward,0.001,1e-07,1.0514965426694616,0.08278171483308902,-0.05099255528028257,0.05099255528028257
mixture_extended_r03_f+50,mixture,extended,3,forward,0.005,1e-07,10.271257613286025,0.1475533768617205,-0.03301443335977181,0.03301443335977181
mixture_extended_r03_f-10,mixture,extended,3,forward,-0.001,1e-07,0.20771379476025778,0.07193349199647679,-0.05741317000087249,0.05741317000087249
mixture_extended_r03_f-50,mixture,extended,3,forward,-0.005,1e-07,1.7650920420993506,0.10775668198308332,-0.06141592460119118,0.06141592460119118
mixture_extended_r04_f+10,mixture,extended,4,forward,0.001,1e-07,1.0517007312476463,0.08393035643152517,-0.06002891216395998,0.06002891216395998
mixture_extended_r04_f+50,mixture,extended,4,forward,0.005,1e-07,10.271284386376152,0.14702077294902766,-0.0472988824736233,0.0472988824736233
mixture_extended_r04_f-10,mixture,extended,4,forward,-0.001,1e-07,0.20701218833386376,0.07273202859796887,-0.06710872950193655,0.06710872950193655
mixture_extended_r04_f-50,mixture,extended,4,forward,-0.005,1e-07,1.765131239896759,0.1093226785507026,-0.06961879035749327,0.06961879035749327
mixture_extended_r05_f+10,mixture,extended,5,forward,0.001,1e-07,1.0525314873289766,0.08445298307061194,-0.06026670500827273,0.06026670500827273
mixture_extended_r05_f+50,mixture,extended,5,forward,0.005,1e-07,10.271276178840182,0.1475405272701345,-0.060288597966864574,0.060288597966864574
mixture_extended_r05_f-10,mixture,extended,5,forward,-0.001,1e-07,0.21074272376533368,0.07401849158173227,-0.06320857246028579,0.06320857246028579
mixture_extended_r05_f-50,mixture,extended,5,forward,-0.005,1e-07,1.7652637479178586,0.10854314711523835,-0.06082800009855997,0.06082800009855997
mixture_extended_r06_f+10,mixture,extended,6,forward,0.001,1e-07,1.052434476544214,0.08414818876832501,0.007968851890813658,0.007968851890813658
mixture_extended_r06_f+50,mixture,extended,6,forward,0.005,1e-07,10.27129922334239,0.14883985419322682,0.029630080358086265,0.029630080358086265
mixture_extended_r06_f-10,mixture,extended,6,forward,-0.001,1e-07,0.21093753538972296,0.07383415538566089,-0.0014738984538575917,0.0014738984538575917
mixture_extended_r06_f-50,mixture,extended,6,forward,-0.005,1e-07,1.765370260877945,0.10899920729713604,-0.015415174931446285,0.015415174931446285
mixture_extended_r07_f+10,mixture,extended,7,forward,0.001,1e-07,1.0525729656855758,0.08003043427817576,-0.09572438479631372,0.09572438479631372
mixture_extended_r07_f+50,mixture,extended,7,forward,0.005,1e-07,10.27116850888963,0.14609774527505087,-0.09182179433402417,0.09182179433402417
mixture_extended_r07_f-10,mixture,extended,7,forward,-0.001,1e-07,0.21194012751887553,0.0701921031459418,-0.09533144572350626,0.09533144572350626
mixture_extended_r07_f-50,mixture,extended,7,forward,-0.005,1e-07,1.765435285801844,0.10675602459128462,-0.07892731609855548,0.07892731609855548
mixture_extended_r08_f+10,mixture,extended,8,forward,0.001,1e-07,1.0526672454788433,0.07808112277294343,-0.059303549312737444,0.059303549312737444
mixture_extended_r08_f+50,mixture,extended,8,forward,0.005,1e-07,10.271246428983678,0.1421660356701234,-0.04310206745473926,0.04310206745473926
mixture_extended_r08_f-10,mixture,extended,8,forward,-0.001,1e-07,0.21044937189448656,0.07055788719034693,-0.06722745790434301,0.06722745790434301
mixture_extended_r08_f-50,mixture,extended,8,forward,-0.005,1e-07,1.7648748719915084,0.10439685918724148,-0.06553196891477109,0.06553196891477109
mixture_extended_r09_f+10,mixture,extended,9,forward,0.001,1e-07,1.0523690707555484,0.07920380750448569,-0.002978975480069819,0.002978975480069819
mixture_extended_r09_f+50,mixture,extended,9,forward,0.005,1e-07,10.271245514699158,0.14442532434654476,0.019764277486126157,0.019764277486126157
mixture_extended_r09_f-10,mixture,extended,9,forward,-0.001,1e-07,0.21230937793776328,0.06968617315574784,-0.008637267796695984,0.008637267796695984
mixture_extended_r09_f-50,mixture,extended,9,forward,-0.005,1e-07,1.7652904979240358,0.105342666513982,-0.02140584174903492,0.02140584174903492
mixture_extended_r10_f+10,mixture,extended,10,forward,0.001,1e-07,1.0534893749316614,0.08249197782033825,-0.04783548104560862,0.04783548104560862
mixture_extended_r10_f+50,mixture,extended,10,forward,0.005,1e-07,10.271372460245207,0.14729999366268487,-0.03616528250954699,0.03616528250954699
mixture_extended_r10_f-10,mixture,extended,10,forward,-0.001,1e-07,0.21596941057300378,0.0754173548915652,-0.05326968683039817,0.05326968683039817
mixture_extended_r10_f-50,mixture,extended,10,forward,-0.005,1e-07,1.7661277777481401,0.10846174729010397,-0.05271070027543234,0.05271070027543234
mixture_extended_r11_f+10,mixture,extended,11,forward,0.001,1e-07,1.0522598872713582,0.08036474547192607,-0.0699003809712842,0.0699003809712842
mixture_extended_r11_f+50,mixture,extended,11,forward,0.005,1e-07,10.271326951407156,0.1445235812696547,-0.06604716367215255,0.06604716367215255
mixture_extended_r11_f-10,mixture,extended,11,forward,-0.001,1e-07,0.21149956257665506,0.07278991448932114,-0.07639217483752583,0.07639217483752583
mixture_extended_r11_f-50,mixture,extended,11,forward,-0.005,1e-07,1.7652609878358163,0.10710675283575555,-0.06728984309113864,0.06728984309113864
mixture_extended_r12_f+10,mixture,extended,12,forward,0.001,1e-07,1.052622182631123,0.08327591343191412,-0.10105491719903173,0.10105491719903173
mixture_extended_r12_f+50,mixture,extended,12,forward,0.005,1e-07,10.271143490021606,0.14793989080679262,-0.12265615509395832,0.12265615509395832
mixture_extended_r12_f-10,mixture,extended,12,forward,-0.001,1e-07,0.21405561963921713,0.07339428746864013,-0.09174908972116608,0.09174908972116608
mixture_extended_r12_f-50,mixture,extended,12,forward,-0.005,1e-07,1.765630037594222,0.10807746380132432,-0.06991010423582356,0.06991010423582356
mixture_extended_r13_f+10,mixture,extended,13,forward,0.001,1e-07,1.0528105220454205,0.08245620340762763,-0.08368828615914967,0.08368828615914967
mixture_extended_r13_f+50,mixture,extended,13,forward,0.005,1e-07,10.271208199500933,0.14690382921471618,-0.07730434872204768,0.07730434872204768
mixture_extended_r13_f-10,mixture,extended,13,forward,-0.001,1e-07,0.2124044560456197,0.07241508221745194,-0.08556264165131225,0.08556264165131225
mixture_extended_r13_f-50,mixture,extended,13,forward,-0.005,1e-07,1.765248942970282,0.10940932439745159,-0.07183836595514338,0.07183836595514338
mixture_extended_r14_f+10,mixture,extended,14,forward,0.001,1e-07,1.0518976219567213,0.08483132818975231,-0.0900561320762848,0.0900561320762848
mixture_extended_r14_f+50,mixture,extended,14,forward,0.005,1e-07,10.271391586482094,0.14896911807338448,-0.09831278981099513,0.09831278981099513
mixture_extended_r14_f-10,mixture,extended,14,forward,-0.001,1e-07,0.2080545135777822,0.07392935847162456,-0.08981778348532247,0.08981778348532247
mixture_extended_r14_f-50,mixture,extended,14,forward,-0.005,1e-07,1.7652003990828833,0.109358975817503,-0.0732828650692777,0.0732828650692777
mixture_extended_r15_f+10,mixture,extended,15,forward,0.001,1e-07,1.0529767472370037,0.08330124954885396,0.0009283951572743032,0.0009283951572743032
mixture_extended_r15_f+50,mixture,extended,15,forward,0.005,1e-07,10.271308970158035,0.1466791117172775,0.006813033088120743,0.006813033088120743
mixture_extended_r15_f-10,mixture,extended,15,forward,-0.001,1e-07,0.21641971352989753,0.07358238934685882,-0.005544274036472195,0.005544274036472195
mixture_extended_r15_f-50,mixture,extended,15,forward,-0.005,1e-07,1.765990397647855,0.10834607188436926,-0.017736068812046653,0.017736068812046653
mixture_extended_r16_f+10,mixture,extended,16,forward,0.001,1e-07,1.0520685278484494,0.08263690472953378,0.08479932288752157,0.08479932288752157
mixture_extended_r16_f+50,mixture,extended,16,forward,0.005,1e-07,10.271183228509956,0.14742316246310505,0.09725189288676793,0.09725189288676793
mixture_extended_r16_f-10,mixture,extended,16,forward,-0.001,1e-07,0.20835468523224293,0.07252012994586454,0.0813950485343348,0.0813950485343348
mixture_extended_r16_f-50,mixture,extended,16,forward,-0.005,1e-07,1.7648239465339213,0.10806723001522958,0.06763170761202186,0.06763170761202186
mixture_extended_r17_f+10,mixture,extended,17,forward,0.001,1e-07,1.0518373887028416,0.08191205683312142,0.0027688119426142258,0.0027688119426142258
mixture_extended_r17_f+50,mixture,extended,17,forward,0.005,1e-07,10.271280195130313,0.14649668549683892,0.0205923663962361,0.0205923663962361
mixture_extended_r17_f-10,mixture,extended,17,forward,-0.001,1e-07,0.20936907094342613,0.07091438437433276,-0.009664707911741927,0.009664707911741927
mixture_extended_r17_f-50,mixture,extended,17,forward,-0.005,1e-07,1.765281338208202,0.1068402661668375,-0.015987898631836597,0.015987898631836597
mixture_extended_r18_f+10,mixture,extended,18,forward,0.001,1e-07,1.0520592112202551,0.08107641483849436,-0.07117881248829665,0.07117881248829665
mixture_extended_r18_f+50,mixture,extended,18,forward,0.005,1e-07,10.2712444060767,0.14438916336901575,-0.06664951192469765,0.06664951192469765
mixture_extended_r18_f-10,mixture,extended,18,forward,-0.001,1e-07,0.20767798521915526,0.07159270135056672,-0.07575034282157403,0.07575034282157403
mixture_extended_r18_f-50,mixture,extended,18,forward,-0.005,1e-07,1.764965632325913,0.10689596653145125,-0.06170059535600767,0.06170059535600767
mixture_extended_r19_f+10,mixture,extended,19,forward,0.001,1e-07,1.052398243484124,0.08385603780288764,-0.004368162227136145,0.004368162227136145
mixture_extended_r19_f+50,mixture,extended,19,forward,0.005,1e-07,10.271189655107367,0.14961001105461386,0.015446396320003934,0.015446396320003934
mixture_extended_r19_f-10,mixture,extended,19,forward,-0.001,1e-07,0.21342654001941289,0.07371265818028219,-0.012569086640276846,0.012569086640276846
mixture_extended_r19_f-50,mixture,extended,19,forward,-0.005,1e-07,1.7654219950834866,0.10963013869668473,-0.03102754563481091,0.03102754563481091
